bloom,asset-test,3,p0,1,287,random,Yes
bloom,asset-test,3,p0,1,489,random,Yes
bloom,asset-test,3,p0,1,723,random,Yes
bloom,asset-test,3,p1,1,287,random,Yes
bloom,asset-test,3,p1,1,489,random,Yes
bloom,asset-test,3,p1,1,723,random,Yes
bloom,asset-test,3,p2,1,287,random,Yes
bloom,asset-test,3,p2,1,489,random,Yes
bloom,asset-test,3,p2,1,723,random,Yes
bloom,med-easi-test,3,p0,1,287,random,Yes
bloom,med-easi-test,3,p0,1,489,random,Yes
bloom,med-easi-test,3,p0,1,723,random,Yes
bloom,med-easi-test,3,p1,1,287,random,Yes
bloom,med-easi-test,3,p1,1,489,random,Yes
bloom,med-easi-test,3,p1,1,723,random,Yes
bloom,med-easi-test,3,p2,1,287,random,Yes
bloom,med-easi-test,3,p2,1,489,random,Yes
bloom,med-easi-test,3,p2,1,723,random,Yes
bloom,news-manual-all-test,3,p0,1,287,random,Yes
bloom,news-manual-all-test,3,p0,1,489,random,Yes
bloom,news-manual-all-test,3,p0,1,723,random,Yes
bloom,news-manual-all-test,3,p1,1,287,random,Yes
bloom,news-manual-all-test,3,p1,1,489,random,Yes
bloom,news-manual-all-test,3,p1,1,723,random,Yes
bloom,news-manual-all-test,3,p2,1,287,random,Yes
bloom,news-manual-all-test,3,p2,1,489,random,Yes
bloom,news-manual-all-test,3,p2,1,723,random,Yes
bloom-1b1,asset-test,3,p0,1,287,random,Yes
bloom-1b1,asset-test,3,p0,1,489,random,Yes
bloom-1b1,asset-test,3,p0,1,723,random,Yes
bloom-1b1,asset-test,3,p1,1,287,random,Yes
bloom-1b1,asset-test,3,p1,1,489,random,Yes
bloom-1b1,asset-test,3,p1,1,723,random,Yes
bloom-1b1,asset-test,3,p2,1,287,random,Yes
bloom-1b1,asset-test,3,p2,1,489,random,Yes
bloom-1b1,asset-test,3,p2,1,723,random,Yes
bloom-1b1,med-easi-test,3,p0,1,287,random,Yes
bloom-1b1,med-easi-test,3,p0,1,489,random,Yes
bloom-1b1,med-easi-test,3,p0,1,723,random,Yes
bloom-1b1,med-easi-test,3,p1,1,287,random,Yes
bloom-1b1,med-easi-test,3,p1,1,489,random,Yes
bloom-1b1,med-easi-test,3,p1,1,723,random,Yes
bloom-1b1,med-easi-test,3,p2,1,287,random,Yes
bloom-1b1,med-easi-test,3,p2,1,489,random,Yes
bloom-1b1,med-easi-test,3,p2,1,723,random,Yes
bloom-1b1,news-manual-all-test,3,p0,1,287,random,Yes
bloom-1b1,news-manual-all-test,3,p0,1,489,random,Yes
bloom-1b1,news-manual-all-test,3,p0,1,723,random,Yes
bloom-1b1,news-manual-all-test,3,p1,1,287,random,Yes
bloom-1b1,news-manual-all-test,3,p1,1,489,random,Yes
bloom-1b1,news-manual-all-test,3,p1,1,723,random,Yes
bloom-1b1,news-manual-all-test,3,p2,1,287,random,Yes
bloom-1b1,news-manual-all-test,3,p2,1,489,random,Yes
bloom-1b1,news-manual-all-test,3,p2,1,723,random,Yes
bloom-3b,asset-test,3,p0,1,287,random,Yes
bloom-3b,asset-test,3,p0,1,489,random,Yes
bloom-3b,asset-test,3,p0,1,723,random,Yes
bloom-3b,asset-test,3,p1,1,287,random,Yes
bloom-3b,asset-test,3,p1,1,489,random,Yes
bloom-3b,asset-test,3,p1,1,723,random,Yes
bloom-3b,asset-test,3,p2,1,287,random,Yes
bloom-3b,asset-test,3,p2,1,489,random,Yes
bloom-3b,asset-test,3,p2,1,723,random,Yes
bloom-3b,med-easi-test,3,p0,1,287,random,Yes
bloom-3b,med-easi-test,3,p0,1,489,random,Yes
bloom-3b,med-easi-test,3,p0,1,723,random,Yes
bloom-3b,med-easi-test,3,p1,1,287,random,Yes
bloom-3b,med-easi-test,3,p1,1,489,random,Yes
bloom-3b,med-easi-test,3,p1,1,723,random,Yes
bloom-3b,med-easi-test,3,p2,1,287,random,Yes
bloom-3b,med-easi-test,3,p2,1,489,random,Yes
bloom-3b,med-easi-test,3,p2,1,723,random,Yes
bloom-3b,news-manual-all-test,3,p0,1,287,random,Yes
bloom-3b,news-manual-all-test,3,p0,1,489,random,Yes
bloom-3b,news-manual-all-test,3,p0,1,723,random,Yes
bloom-3b,news-manual-all-test,3,p1,1,287,random,Yes
bloom-3b,news-manual-all-test,3,p1,1,489,random,Yes
bloom-3b,news-manual-all-test,3,p1,1,723,random,Yes
bloom-3b,news-manual-all-test,3,p2,1,287,random,Yes
bloom-3b,news-manual-all-test,3,p2,1,489,random,Yes
bloom-3b,news-manual-all-test,3,p2,1,723,random,Yes
bloom-560m,asset-test,3,p0,1,287,random,Yes
bloom-560m,asset-test,3,p0,1,489,random,Yes
bloom-560m,asset-test,3,p0,1,723,random,Yes
bloom-560m,asset-test,3,p1,1,287,random,Yes
bloom-560m,asset-test,3,p1,1,489,random,Yes
bloom-560m,asset-test,3,p1,1,723,random,Yes
bloom-560m,asset-test,3,p2,1,287,random,Yes
bloom-560m,asset-test,3,p2,1,489,random,Yes
bloom-560m,asset-test,3,p2,1,723,random,Yes
bloom-560m,med-easi-test,3,p0,1,287,random,Yes
bloom-560m,med-easi-test,3,p0,1,489,random,Yes
bloom-560m,med-easi-test,3,p0,1,723,random,Yes
bloom-560m,med-easi-test,3,p1,1,287,random,Yes
bloom-560m,med-easi-test,3,p1,1,489,random,Yes
bloom-560m,med-easi-test,3,p1,1,723,random,Yes
bloom-560m,med-easi-test,3,p2,1,287,random,Yes
bloom-560m,med-easi-test,3,p2,1,489,random,Yes
bloom-560m,med-easi-test,3,p2,1,723,random,Yes
bloom-560m,news-manual-all-test,3,p0,1,287,random,Yes
bloom-560m,news-manual-all-test,3,p0,1,489,random,Yes
bloom-560m,news-manual-all-test,3,p0,1,723,random,Yes
bloom-560m,news-manual-all-test,3,p1,1,287,random,Yes
bloom-560m,news-manual-all-test,3,p1,1,489,random,Yes
bloom-560m,news-manual-all-test,3,p1,1,723,random,Yes
bloom-560m,news-manual-all-test,3,p2,1,287,random,Yes
bloom-560m,news-manual-all-test,3,p2,1,489,random,Yes
bloom-560m,news-manual-all-test,3,p2,1,723,random,Yes
bloom-7b1,asset-test,3,p0,1,287,random,Yes
bloom-7b1,asset-test,3,p0,1,489,random,Yes
bloom-7b1,asset-test,3,p0,1,723,random,Yes
bloom-7b1,asset-test,3,p1,1,287,random,Yes
bloom-7b1,asset-test,3,p1,1,489,random,Yes
bloom-7b1,asset-test,3,p1,1,723,random,Yes
bloom-7b1,asset-test,3,p2,1,287,random,Yes
bloom-7b1,asset-test,3,p2,1,489,random,Yes
bloom-7b1,asset-test,3,p2,1,723,random,Yes
bloom-7b1,med-easi-test,3,p0,1,287,random,Yes
bloom-7b1,med-easi-test,3,p0,1,489,random,Yes
bloom-7b1,med-easi-test,3,p0,1,723,random,Yes
bloom-7b1,med-easi-test,3,p1,1,287,random,Yes
bloom-7b1,med-easi-test,3,p1,1,489,random,Yes
bloom-7b1,med-easi-test,3,p1,1,723,random,Yes
bloom-7b1,med-easi-test,3,p2,1,287,random,Yes
bloom-7b1,med-easi-test,3,p2,1,489,random,Yes
bloom-7b1,med-easi-test,3,p2,1,723,random,Yes
bloom-7b1,news-manual-all-test,3,p0,1,287,random,Yes
bloom-7b1,news-manual-all-test,3,p0,1,489,random,Yes
bloom-7b1,news-manual-all-test,3,p0,1,723,random,Yes
bloom-7b1,news-manual-all-test,3,p1,1,287,random,Yes
bloom-7b1,news-manual-all-test,3,p1,1,489,random,Yes
bloom-7b1,news-manual-all-test,3,p1,1,723,random,Yes
bloom-7b1,news-manual-all-test,3,p2,1,287,random,Yes
bloom-7b1,news-manual-all-test,3,p2,1,489,random,Yes
bloom-7b1,news-manual-all-test,3,p2,1,723,random,Yes
bloomz,asset-test,3,p0,1,287,random,Yes
bloomz,asset-test,3,p0,1,489,random,Yes
bloomz,asset-test,3,p0,1,723,random,Yes
bloomz,asset-test,3,p1,1,287,random,Yes
bloomz,asset-test,3,p1,1,489,random,Yes
bloomz,asset-test,3,p1,1,723,random,Yes
bloomz,asset-test,3,p2,1,287,random,Yes
bloomz,asset-test,3,p2,1,489,random,Yes
bloomz,asset-test,3,p2,1,723,random,Yes
bloomz,med-easi-test,3,p0,1,287,random,Yes
bloomz,med-easi-test,3,p0,1,489,random,Yes
bloomz,med-easi-test,3,p0,1,723,random,Yes
bloomz,med-easi-test,3,p1,1,287,random,Yes
bloomz,med-easi-test,3,p1,1,489,random,Yes
bloomz,med-easi-test,3,p1,1,723,random,Yes
bloomz,med-easi-test,3,p2,1,287,random,Yes
bloomz,med-easi-test,3,p2,1,489,random,Yes
bloomz,med-easi-test,3,p2,1,723,random,Yes
bloomz,news-manual-all-test,3,p0,1,287,random,Yes
bloomz,news-manual-all-test,3,p0,1,489,random,Yes
bloomz,news-manual-all-test,3,p0,1,723,random,Yes
bloomz,news-manual-all-test,3,p1,1,287,random,Yes
bloomz,news-manual-all-test,3,p1,1,489,random,Yes
bloomz,news-manual-all-test,3,p1,1,723,random,Yes
bloomz,news-manual-all-test,3,p2,1,287,random,Yes
bloomz,news-manual-all-test,3,p2,1,489,random,Yes
bloomz,news-manual-all-test,3,p2,1,723,random,Yes
bloomz-1b1,asset-test,3,p0,1,287,random,Yes
bloomz-1b1,asset-test,3,p0,1,489,random,Yes
bloomz-1b1,asset-test,3,p0,1,723,random,Yes
bloomz-1b1,asset-test,3,p1,1,287,random,Yes
bloomz-1b1,asset-test,3,p1,1,489,random,Yes
bloomz-1b1,asset-test,3,p1,1,723,random,Yes
bloomz-1b1,asset-test,3,p2,1,287,random,Yes
bloomz-1b1,asset-test,3,p2,1,489,random,Yes
bloomz-1b1,asset-test,3,p2,1,723,random,Yes
bloomz-1b1,med-easi-test,3,p0,1,287,random,Yes
bloomz-1b1,med-easi-test,3,p0,1,489,random,Yes
bloomz-1b1,med-easi-test,3,p0,1,723,random,Yes
bloomz-1b1,med-easi-test,3,p1,1,287,random,Yes
bloomz-1b1,med-easi-test,3,p1,1,489,random,Yes
bloomz-1b1,med-easi-test,3,p1,1,723,random,Yes
bloomz-1b1,med-easi-test,3,p2,1,287,random,Yes
bloomz-1b1,med-easi-test,3,p2,1,489,random,Yes
bloomz-1b1,med-easi-test,3,p2,1,723,random,Yes
bloomz-1b1,news-manual-all-test,3,p0,1,287,random,Yes
bloomz-1b1,news-manual-all-test,3,p0,1,489,random,Yes
bloomz-1b1,news-manual-all-test,3,p0,1,723,random,Yes
bloomz-1b1,news-manual-all-test,3,p1,1,287,random,Yes
bloomz-1b1,news-manual-all-test,3,p1,1,489,random,Yes
bloomz-1b1,news-manual-all-test,3,p1,1,723,random,Yes
bloomz-1b1,news-manual-all-test,3,p2,1,287,random,Yes
bloomz-1b1,news-manual-all-test,3,p2,1,489,random,Yes
bloomz-1b1,news-manual-all-test,3,p2,1,723,random,Yes
bloomz-3b,asset-test,3,p0,1,287,random,Yes
bloomz-3b,asset-test,3,p0,1,489,random,Yes
bloomz-3b,asset-test,3,p0,1,723,random,Yes
bloomz-3b,asset-test,3,p1,1,287,random,Yes
bloomz-3b,asset-test,3,p1,1,489,random,Yes
bloomz-3b,asset-test,3,p1,1,723,random,Yes
bloomz-3b,asset-test,3,p2,1,287,random,Yes
bloomz-3b,asset-test,3,p2,1,489,random,Yes
bloomz-3b,asset-test,3,p2,1,723,random,Yes
bloomz-3b,med-easi-test,3,p0,1,287,random,Yes
bloomz-3b,med-easi-test,3,p0,1,489,random,Yes
bloomz-3b,med-easi-test,3,p0,1,723,random,Yes
bloomz-3b,med-easi-test,3,p1,1,287,random,Yes
bloomz-3b,med-easi-test,3,p1,1,489,random,Yes
bloomz-3b,med-easi-test,3,p1,1,723,random,Yes
bloomz-3b,med-easi-test,3,p2,1,287,random,Yes
bloomz-3b,med-easi-test,3,p2,1,489,random,Yes
bloomz-3b,med-easi-test,3,p2,1,723,random,Yes
bloomz-3b,news-manual-all-test,3,p0,1,287,random,Yes
bloomz-3b,news-manual-all-test,3,p0,1,489,random,Yes
bloomz-3b,news-manual-all-test,3,p0,1,723,random,Yes
bloomz-3b,news-manual-all-test,3,p1,1,287,random,Yes
bloomz-3b,news-manual-all-test,3,p1,1,489,random,Yes
bloomz-3b,news-manual-all-test,3,p1,1,723,random,Yes
bloomz-3b,news-manual-all-test,3,p2,1,287,random,Yes
bloomz-3b,news-manual-all-test,3,p2,1,489,random,Yes
bloomz-3b,news-manual-all-test,3,p2,1,723,random,Yes
bloomz-560m,asset-test,3,p0,1,287,random,Yes
bloomz-560m,asset-test,3,p0,1,489,random,Yes
bloomz-560m,asset-test,3,p0,1,723,random,Yes
bloomz-560m,asset-test,3,p1,1,287,random,Yes
bloomz-560m,asset-test,3,p1,1,489,random,Yes
bloomz-560m,asset-test,3,p1,1,723,random,Yes
bloomz-560m,asset-test,3,p2,1,287,random,Yes
bloomz-560m,asset-test,3,p2,1,489,random,Yes
bloomz-560m,asset-test,3,p2,1,723,random,Yes
bloomz-560m,med-easi-test,3,p0,1,287,random,Yes
bloomz-560m,med-easi-test,3,p0,1,489,random,Yes
bloomz-560m,med-easi-test,3,p0,1,723,random,Yes
bloomz-560m,med-easi-test,3,p1,1,287,random,Yes
bloomz-560m,med-easi-test,3,p1,1,489,random,Yes
bloomz-560m,med-easi-test,3,p1,1,723,random,Yes
bloomz-560m,med-easi-test,3,p2,1,287,random,Yes
bloomz-560m,med-easi-test,3,p2,1,489,random,Yes
bloomz-560m,med-easi-test,3,p2,1,723,random,Yes
bloomz-560m,news-manual-all-test,3,p0,1,287,random,Yes
bloomz-560m,news-manual-all-test,3,p0,1,489,random,Yes
bloomz-560m,news-manual-all-test,3,p0,1,723,random,Yes
bloomz-560m,news-manual-all-test,3,p1,1,287,random,Yes
bloomz-560m,news-manual-all-test,3,p1,1,489,random,Yes
bloomz-560m,news-manual-all-test,3,p1,1,723,random,Yes
bloomz-560m,news-manual-all-test,3,p2,1,287,random,Yes
bloomz-560m,news-manual-all-test,3,p2,1,489,random,Yes
bloomz-560m,news-manual-all-test,3,p2,1,723,random,Yes
bloomz-7b1,asset-test,3,p0,1,287,random,Yes
bloomz-7b1,asset-test,3,p0,1,489,random,Yes
bloomz-7b1,asset-test,3,p0,1,723,random,Yes
bloomz-7b1,asset-test,3,p1,1,287,random,Yes
bloomz-7b1,asset-test,3,p1,1,489,random,Yes
bloomz-7b1,asset-test,3,p1,1,723,random,Yes
bloomz-7b1,asset-test,3,p2,1,287,random,Yes
bloomz-7b1,asset-test,3,p2,1,489,random,Yes
bloomz-7b1,asset-test,3,p2,1,723,random,Yes
bloomz-7b1,med-easi-test,3,p0,1,287,random,Yes
bloomz-7b1,med-easi-test,3,p0,1,489,random,Yes
bloomz-7b1,med-easi-test,3,p0,1,723,random,Yes
bloomz-7b1,med-easi-test,3,p1,1,287,random,Yes
bloomz-7b1,med-easi-test,3,p1,1,489,random,Yes
bloomz-7b1,med-easi-test,3,p1,1,723,random,Yes
bloomz-7b1,med-easi-test,3,p2,1,287,random,Yes
bloomz-7b1,med-easi-test,3,p2,1,489,random,Yes
bloomz-7b1,med-easi-test,3,p2,1,723,random,Yes
bloomz-7b1,news-manual-all-test,3,p0,1,287,random,Yes
bloomz-7b1,news-manual-all-test,3,p0,1,489,random,Yes
bloomz-7b1,news-manual-all-test,3,p0,1,723,random,Yes
bloomz-7b1,news-manual-all-test,3,p1,1,287,random,Yes
bloomz-7b1,news-manual-all-test,3,p1,1,489,random,Yes
bloomz-7b1,news-manual-all-test,3,p1,1,723,random,Yes
bloomz-7b1,news-manual-all-test,3,p2,1,287,random,Yes
bloomz-7b1,news-manual-all-test,3,p2,1,489,random,Yes
bloomz-7b1,news-manual-all-test,3,p2,1,723,random,Yes
cohere-command-light,asset-test,3,p0,1,287,random,No
cohere-command-light,asset-test,3,p0,1,489,random,Yes
cohere-command-light,asset-test,3,p0,1,723,random,No
cohere-command-light,asset-test,3,p1,1,287,random,No
cohere-command-light,asset-test,3,p1,1,489,random,Yes
cohere-command-light,asset-test,3,p1,1,723,random,No
cohere-command-light,asset-test,3,p2,1,287,random,No
cohere-command-light,asset-test,3,p2,1,489,random,Yes
cohere-command-light,asset-test,3,p2,1,723,random,No
cohere-command-light,med-easi-test,3,p0,1,287,random,No
cohere-command-light,med-easi-test,3,p0,1,489,random,No
cohere-command-light,med-easi-test,3,p0,1,723,random,No
cohere-command-light,med-easi-test,3,p1,1,287,random,No
cohere-command-light,med-easi-test,3,p1,1,489,random,No
cohere-command-light,med-easi-test,3,p1,1,723,random,No
cohere-command-light,med-easi-test,3,p2,1,287,random,No
cohere-command-light,med-easi-test,3,p2,1,489,random,No
cohere-command-light,med-easi-test,3,p2,1,723,random,No
cohere-command-light,news-manual-all-test,3,p0,1,287,random,No
cohere-command-light,news-manual-all-test,3,p0,1,489,random,No
cohere-command-light,news-manual-all-test,3,p0,1,723,random,No
cohere-command-light,news-manual-all-test,3,p1,1,287,random,No
cohere-command-light,news-manual-all-test,3,p1,1,489,random,No
cohere-command-light,news-manual-all-test,3,p1,1,723,random,No
cohere-command-light,news-manual-all-test,3,p2,1,287,random,No
cohere-command-light,news-manual-all-test,3,p2,1,489,random,No
cohere-command-light,news-manual-all-test,3,p2,1,723,random,No
flan-t5-base,asset-test,3,p0,1,287,random,Yes
flan-t5-base,asset-test,3,p0,1,489,random,Yes
flan-t5-base,asset-test,3,p0,1,723,random,Yes
flan-t5-base,asset-test,3,p1,1,287,random,Yes
flan-t5-base,asset-test,3,p1,1,489,random,Yes
flan-t5-base,asset-test,3,p1,1,723,random,Yes
flan-t5-base,asset-test,3,p2,1,287,random,Yes
flan-t5-base,asset-test,3,p2,1,489,random,Yes
flan-t5-base,asset-test,3,p2,1,723,random,Yes
flan-t5-base,med-easi-test,3,p0,1,287,random,Yes
flan-t5-base,med-easi-test,3,p0,1,489,random,Yes
flan-t5-base,med-easi-test,3,p0,1,723,random,Yes
flan-t5-base,med-easi-test,3,p1,1,287,random,Yes
flan-t5-base,med-easi-test,3,p1,1,489,random,Yes
flan-t5-base,med-easi-test,3,p1,1,723,random,Yes
flan-t5-base,med-easi-test,3,p2,1,287,random,Yes
flan-t5-base,med-easi-test,3,p2,1,489,random,Yes
flan-t5-base,med-easi-test,3,p2,1,723,random,Yes
flan-t5-base,news-manual-all-test,3,p0,1,287,random,Yes
flan-t5-base,news-manual-all-test,3,p0,1,489,random,Yes
flan-t5-base,news-manual-all-test,3,p0,1,723,random,Yes
flan-t5-base,news-manual-all-test,3,p1,1,287,random,Yes
flan-t5-base,news-manual-all-test,3,p1,1,489,random,Yes
flan-t5-base,news-manual-all-test,3,p1,1,723,random,Yes
flan-t5-base,news-manual-all-test,3,p2,1,287,random,Yes
flan-t5-base,news-manual-all-test,3,p2,1,489,random,Yes
flan-t5-base,news-manual-all-test,3,p2,1,723,random,Yes
flan-t5-large,asset-test,3,p0,1,287,random,Yes
flan-t5-large,asset-test,3,p0,1,489,random,Yes
flan-t5-large,asset-test,3,p0,1,723,random,Yes
flan-t5-large,asset-test,3,p1,1,287,random,Yes
flan-t5-large,asset-test,3,p1,1,489,random,Yes
flan-t5-large,asset-test,3,p1,1,723,random,Yes
flan-t5-large,asset-test,3,p2,1,287,random,Yes
flan-t5-large,asset-test,3,p2,1,489,random,Yes
flan-t5-large,asset-test,3,p2,1,723,random,Yes
flan-t5-large,med-easi-test,3,p0,1,287,random,Yes
flan-t5-large,med-easi-test,3,p0,1,489,random,Yes
flan-t5-large,med-easi-test,3,p0,1,723,random,Yes
flan-t5-large,med-easi-test,3,p1,1,287,random,Yes
flan-t5-large,med-easi-test,3,p1,1,489,random,Yes
flan-t5-large,med-easi-test,3,p1,1,723,random,Yes
flan-t5-large,med-easi-test,3,p2,1,287,random,Yes
flan-t5-large,med-easi-test,3,p2,1,489,random,Yes
flan-t5-large,med-easi-test,3,p2,1,723,random,Yes
flan-t5-large,news-manual-all-test,3,p0,1,287,random,Yes
flan-t5-large,news-manual-all-test,3,p0,1,489,random,Yes
flan-t5-large,news-manual-all-test,3,p0,1,723,random,Yes
flan-t5-large,news-manual-all-test,3,p1,1,287,random,Yes
flan-t5-large,news-manual-all-test,3,p1,1,489,random,Yes
flan-t5-large,news-manual-all-test,3,p1,1,723,random,Yes
flan-t5-large,news-manual-all-test,3,p2,1,287,random,Yes
flan-t5-large,news-manual-all-test,3,p2,1,489,random,Yes
flan-t5-large,news-manual-all-test,3,p2,1,723,random,Yes
flan-t5-small,asset-test,3,p0,1,287,random,Yes
flan-t5-small,asset-test,3,p0,1,489,random,Yes
flan-t5-small,asset-test,3,p0,1,723,random,Yes
flan-t5-small,asset-test,3,p1,1,287,random,Yes
flan-t5-small,asset-test,3,p1,1,489,random,Yes
flan-t5-small,asset-test,3,p1,1,723,random,Yes
flan-t5-small,asset-test,3,p2,1,287,random,Yes
flan-t5-small,asset-test,3,p2,1,489,random,Yes
flan-t5-small,asset-test,3,p2,1,723,random,Yes
flan-t5-small,med-easi-test,3,p0,1,287,random,Yes
flan-t5-small,med-easi-test,3,p0,1,489,random,Yes
flan-t5-small,med-easi-test,3,p0,1,723,random,Yes
flan-t5-small,med-easi-test,3,p1,1,287,random,Yes
flan-t5-small,med-easi-test,3,p1,1,489,random,Yes
flan-t5-small,med-easi-test,3,p1,1,723,random,Yes
flan-t5-small,med-easi-test,3,p2,1,287,random,Yes
flan-t5-small,med-easi-test,3,p2,1,489,random,Yes
flan-t5-small,med-easi-test,3,p2,1,723,random,Yes
flan-t5-small,news-manual-all-test,3,p0,1,287,random,Yes
flan-t5-small,news-manual-all-test,3,p0,1,489,random,Yes
flan-t5-small,news-manual-all-test,3,p0,1,723,random,Yes
flan-t5-small,news-manual-all-test,3,p1,1,287,random,Yes
flan-t5-small,news-manual-all-test,3,p1,1,489,random,Yes
flan-t5-small,news-manual-all-test,3,p1,1,723,random,Yes
flan-t5-small,news-manual-all-test,3,p2,1,287,random,Yes
flan-t5-small,news-manual-all-test,3,p2,1,489,random,Yes
flan-t5-small,news-manual-all-test,3,p2,1,723,random,Yes
flan-t5-xl,asset-test,3,p0,1,287,random,Yes
flan-t5-xl,asset-test,3,p0,1,489,random,Yes
flan-t5-xl,asset-test,3,p0,1,723,random,Yes
flan-t5-xl,asset-test,3,p1,1,287,random,Yes
flan-t5-xl,asset-test,3,p1,1,489,random,Yes
flan-t5-xl,asset-test,3,p1,1,723,random,Yes
flan-t5-xl,asset-test,3,p2,1,287,random,Yes
flan-t5-xl,asset-test,3,p2,1,489,random,Yes
flan-t5-xl,asset-test,3,p2,1,723,random,Yes
flan-t5-xl,med-easi-test,3,p0,1,287,random,Yes
flan-t5-xl,med-easi-test,3,p0,1,489,random,Yes
flan-t5-xl,med-easi-test,3,p0,1,723,random,Yes
flan-t5-xl,med-easi-test,3,p1,1,287,random,Yes
flan-t5-xl,med-easi-test,3,p1,1,489,random,Yes
flan-t5-xl,med-easi-test,3,p1,1,723,random,Yes
flan-t5-xl,med-easi-test,3,p2,1,287,random,Yes
flan-t5-xl,med-easi-test,3,p2,1,489,random,Yes
flan-t5-xl,med-easi-test,3,p2,1,723,random,Yes
flan-t5-xl,news-manual-all-test,3,p0,1,287,random,Yes
flan-t5-xl,news-manual-all-test,3,p0,1,489,random,Yes
flan-t5-xl,news-manual-all-test,3,p0,1,723,random,Yes
flan-t5-xl,news-manual-all-test,3,p1,1,287,random,Yes
flan-t5-xl,news-manual-all-test,3,p1,1,489,random,Yes
flan-t5-xl,news-manual-all-test,3,p1,1,723,random,Yes
flan-t5-xl,news-manual-all-test,3,p2,1,287,random,Yes
flan-t5-xl,news-manual-all-test,3,p2,1,489,random,Yes
flan-t5-xl,news-manual-all-test,3,p2,1,723,random,Yes
flan-t5-xxl,asset-test,3,p0,1,287,random,Yes
flan-t5-xxl,asset-test,3,p0,1,489,random,Yes
flan-t5-xxl,asset-test,3,p0,1,723,random,Yes
flan-t5-xxl,asset-test,3,p1,1,287,random,Yes
flan-t5-xxl,asset-test,3,p1,1,489,random,Yes
flan-t5-xxl,asset-test,3,p1,1,723,random,Yes
flan-t5-xxl,asset-test,3,p2,1,287,random,Yes
flan-t5-xxl,asset-test,3,p2,1,489,random,Yes
flan-t5-xxl,asset-test,3,p2,1,723,random,Yes
flan-t5-xxl,med-easi-test,3,p0,1,287,random,Yes
flan-t5-xxl,med-easi-test,3,p0,1,489,random,Yes
flan-t5-xxl,med-easi-test,3,p0,1,723,random,Yes
flan-t5-xxl,med-easi-test,3,p1,1,287,random,Yes
flan-t5-xxl,med-easi-test,3,p1,1,489,random,Yes
flan-t5-xxl,med-easi-test,3,p1,1,723,random,Yes
flan-t5-xxl,med-easi-test,3,p2,1,287,random,Yes
flan-t5-xxl,med-easi-test,3,p2,1,489,random,Yes
flan-t5-xxl,med-easi-test,3,p2,1,723,random,Yes
flan-t5-xxl,news-manual-all-test,3,p0,1,287,random,Yes
flan-t5-xxl,news-manual-all-test,3,p0,1,489,random,Yes
flan-t5-xxl,news-manual-all-test,3,p0,1,723,random,Yes
flan-t5-xxl,news-manual-all-test,3,p1,1,287,random,Yes
flan-t5-xxl,news-manual-all-test,3,p1,1,489,random,Yes
flan-t5-xxl,news-manual-all-test,3,p1,1,723,random,Yes
flan-t5-xxl,news-manual-all-test,3,p2,1,287,random,Yes
flan-t5-xxl,news-manual-all-test,3,p2,1,489,random,Yes
flan-t5-xxl,news-manual-all-test,3,p2,1,723,random,Yes
flan-ul2,asset-test,3,p0,1,287,random,Yes
flan-ul2,asset-test,3,p0,1,489,random,Yes
flan-ul2,asset-test,3,p0,1,723,random,Yes
flan-ul2,asset-test,3,p1,1,287,random,Yes
flan-ul2,asset-test,3,p1,1,489,random,Yes
flan-ul2,asset-test,3,p1,1,723,random,Yes
flan-ul2,asset-test,3,p2,1,287,random,Yes
flan-ul2,asset-test,3,p2,1,489,random,Yes
flan-ul2,asset-test,3,p2,1,723,random,Yes
flan-ul2,med-easi-test,3,p0,1,287,random,Yes
flan-ul2,med-easi-test,3,p0,1,489,random,Yes
flan-ul2,med-easi-test,3,p0,1,723,random,Yes
flan-ul2,med-easi-test,3,p1,1,287,random,Yes
flan-ul2,med-easi-test,3,p1,1,489,random,Yes
flan-ul2,med-easi-test,3,p1,1,723,random,Yes
flan-ul2,med-easi-test,3,p2,1,287,random,Yes
flan-ul2,med-easi-test,3,p2,1,489,random,Yes
flan-ul2,med-easi-test,3,p2,1,723,random,Yes
flan-ul2,news-manual-all-test,3,p0,1,287,random,Yes
flan-ul2,news-manual-all-test,3,p0,1,489,random,Yes
flan-ul2,news-manual-all-test,3,p0,1,723,random,Yes
flan-ul2,news-manual-all-test,3,p1,1,287,random,Yes
flan-ul2,news-manual-all-test,3,p1,1,489,random,Yes
flan-ul2,news-manual-all-test,3,p1,1,723,random,Yes
flan-ul2,news-manual-all-test,3,p2,1,287,random,Yes
flan-ul2,news-manual-all-test,3,p2,1,489,random,Yes
flan-ul2,news-manual-all-test,3,p2,1,723,random,Yes
gpt-j-6b,asset-test,3,p0,1,287,random,Yes
gpt-j-6b,asset-test,3,p0,1,489,random,Yes
gpt-j-6b,asset-test,3,p0,1,723,random,Yes
gpt-j-6b,asset-test,3,p1,1,287,random,Yes
gpt-j-6b,asset-test,3,p1,1,489,random,Yes
gpt-j-6b,asset-test,3,p1,1,723,random,Yes
gpt-j-6b,asset-test,3,p2,1,287,random,Yes
gpt-j-6b,asset-test,3,p2,1,489,random,Yes
gpt-j-6b,asset-test,3,p2,1,723,random,Yes
gpt-j-6b,med-easi-test,3,p0,1,287,random,Yes
gpt-j-6b,med-easi-test,3,p0,1,489,random,Yes
gpt-j-6b,med-easi-test,3,p0,1,723,random,Yes
gpt-j-6b,med-easi-test,3,p1,1,287,random,Yes
gpt-j-6b,med-easi-test,3,p1,1,489,random,Yes
gpt-j-6b,med-easi-test,3,p1,1,723,random,Yes
gpt-j-6b,med-easi-test,3,p2,1,287,random,Yes
gpt-j-6b,med-easi-test,3,p2,1,489,random,Yes
gpt-j-6b,med-easi-test,3,p2,1,723,random,Yes
gpt-j-6b,news-manual-all-test,3,p0,1,287,random,Yes
gpt-j-6b,news-manual-all-test,3,p0,1,489,random,Yes
gpt-j-6b,news-manual-all-test,3,p0,1,723,random,Yes
gpt-j-6b,news-manual-all-test,3,p1,1,287,random,Yes
gpt-j-6b,news-manual-all-test,3,p1,1,489,random,Yes
gpt-j-6b,news-manual-all-test,3,p1,1,723,random,Yes
gpt-j-6b,news-manual-all-test,3,p2,1,287,random,Yes
gpt-j-6b,news-manual-all-test,3,p2,1,489,random,Yes
gpt-j-6b,news-manual-all-test,3,p2,1,723,random,Yes
gpt-neox-20b,asset-test,3,p0,1,287,random,Yes
gpt-neox-20b,asset-test,3,p0,1,489,random,Yes
gpt-neox-20b,asset-test,3,p0,1,723,random,Yes
gpt-neox-20b,asset-test,3,p1,1,287,random,Yes
gpt-neox-20b,asset-test,3,p1,1,489,random,Yes
gpt-neox-20b,asset-test,3,p1,1,723,random,Yes
gpt-neox-20b,asset-test,3,p2,1,287,random,Yes
gpt-neox-20b,asset-test,3,p2,1,489,random,Yes
gpt-neox-20b,asset-test,3,p2,1,723,random,Yes
gpt-neox-20b,med-easi-test,3,p0,1,287,random,Yes
gpt-neox-20b,med-easi-test,3,p0,1,489,random,Yes
gpt-neox-20b,med-easi-test,3,p0,1,723,random,Yes
gpt-neox-20b,med-easi-test,3,p1,1,287,random,Yes
gpt-neox-20b,med-easi-test,3,p1,1,489,random,Yes
gpt-neox-20b,med-easi-test,3,p1,1,723,random,Yes
gpt-neox-20b,med-easi-test,3,p2,1,287,random,Yes
gpt-neox-20b,med-easi-test,3,p2,1,489,random,Yes
gpt-neox-20b,med-easi-test,3,p2,1,723,random,Yes
gpt-neox-20b,news-manual-all-test,3,p0,1,287,random,Yes
gpt-neox-20b,news-manual-all-test,3,p0,1,489,random,Yes
gpt-neox-20b,news-manual-all-test,3,p0,1,723,random,Yes
gpt-neox-20b,news-manual-all-test,3,p1,1,287,random,Yes
gpt-neox-20b,news-manual-all-test,3,p1,1,489,random,Yes
gpt-neox-20b,news-manual-all-test,3,p1,1,723,random,Yes
gpt-neox-20b,news-manual-all-test,3,p2,1,287,random,Yes
gpt-neox-20b,news-manual-all-test,3,p2,1,489,random,Yes
gpt-neox-20b,news-manual-all-test,3,p2,1,723,random,Yes
llama-13b,asset-test,3,p0,1,287,random,Yes
llama-13b,asset-test,3,p0,1,489,random,Yes
llama-13b,asset-test,3,p0,1,723,random,Yes
llama-13b,asset-test,3,p1,1,287,random,Yes
llama-13b,asset-test,3,p1,1,489,random,Yes
llama-13b,asset-test,3,p1,1,723,random,Yes
llama-13b,asset-test,3,p2,1,287,random,Yes
llama-13b,asset-test,3,p2,1,489,random,Yes
llama-13b,asset-test,3,p2,1,723,random,Yes
llama-13b,med-easi-test,3,p0,1,287,random,Yes
llama-13b,med-easi-test,3,p0,1,489,random,Yes
llama-13b,med-easi-test,3,p0,1,723,random,Yes
llama-13b,med-easi-test,3,p1,1,287,random,Yes
llama-13b,med-easi-test,3,p1,1,489,random,Yes
llama-13b,med-easi-test,3,p1,1,723,random,Yes
llama-13b,med-easi-test,3,p2,1,287,random,Yes
llama-13b,med-easi-test,3,p2,1,489,random,Yes
llama-13b,med-easi-test,3,p2,1,723,random,Yes
llama-13b,news-manual-all-test,3,p0,1,287,random,Yes
llama-13b,news-manual-all-test,3,p0,1,489,random,Yes
llama-13b,news-manual-all-test,3,p0,1,723,random,Yes
llama-13b,news-manual-all-test,3,p1,1,287,random,Yes
llama-13b,news-manual-all-test,3,p1,1,489,random,Yes
llama-13b,news-manual-all-test,3,p1,1,723,random,Yes
llama-13b,news-manual-all-test,3,p2,1,287,random,Yes
llama-13b,news-manual-all-test,3,p2,1,489,random,Yes
llama-13b,news-manual-all-test,3,p2,1,723,random,Yes
llama-30b,asset-test,3,p0,1,287,random,Yes
llama-30b,asset-test,3,p0,1,489,random,Yes
llama-30b,asset-test,3,p0,1,723,random,Yes
llama-30b,asset-test,3,p1,1,287,random,Yes
llama-30b,asset-test,3,p1,1,489,random,Yes
llama-30b,asset-test,3,p1,1,723,random,Yes
llama-30b,asset-test,3,p2,1,287,random,Yes
llama-30b,asset-test,3,p2,1,489,random,Yes
llama-30b,asset-test,3,p2,1,723,random,Yes
llama-30b,med-easi-test,3,p0,1,287,random,Yes
llama-30b,med-easi-test,3,p0,1,489,random,Yes
llama-30b,med-easi-test,3,p0,1,723,random,Yes
llama-30b,med-easi-test,3,p1,1,287,random,Yes
llama-30b,med-easi-test,3,p1,1,489,random,Yes
llama-30b,med-easi-test,3,p1,1,723,random,Yes
llama-30b,med-easi-test,3,p2,1,287,random,Yes
llama-30b,med-easi-test,3,p2,1,489,random,Yes
llama-30b,med-easi-test,3,p2,1,723,random,Yes
llama-30b,news-manual-all-test,3,p0,1,287,random,Yes
llama-30b,news-manual-all-test,3,p0,1,489,random,Yes
llama-30b,news-manual-all-test,3,p0,1,723,random,Yes
llama-30b,news-manual-all-test,3,p1,1,287,random,Yes
llama-30b,news-manual-all-test,3,p1,1,489,random,Yes
llama-30b,news-manual-all-test,3,p1,1,723,random,Yes
llama-30b,news-manual-all-test,3,p2,1,287,random,Yes
llama-30b,news-manual-all-test,3,p2,1,489,random,Yes
llama-30b,news-manual-all-test,3,p2,1,723,random,Yes
llama-65b,asset-test,3,p0,1,287,random,Yes
llama-65b,asset-test,3,p0,1,489,random,Yes
llama-65b,asset-test,3,p0,1,723,random,Yes
llama-65b,asset-test,3,p1,1,287,random,Yes
llama-65b,asset-test,3,p1,1,489,random,Yes
llama-65b,asset-test,3,p1,1,723,random,Yes
llama-65b,asset-test,3,p2,1,287,random,Yes
llama-65b,asset-test,3,p2,1,489,random,Yes
llama-65b,asset-test,3,p2,1,723,random,Yes
llama-65b,med-easi-test,3,p0,1,287,random,Yes
llama-65b,med-easi-test,3,p0,1,489,random,Yes
llama-65b,med-easi-test,3,p0,1,723,random,Yes
llama-65b,med-easi-test,3,p1,1,287,random,Yes
llama-65b,med-easi-test,3,p1,1,489,random,Yes
llama-65b,med-easi-test,3,p1,1,723,random,Yes
llama-65b,med-easi-test,3,p2,1,287,random,Yes
llama-65b,med-easi-test,3,p2,1,489,random,Yes
llama-65b,med-easi-test,3,p2,1,723,random,Yes
llama-65b,news-manual-all-test,3,p0,1,287,random,Yes
llama-65b,news-manual-all-test,3,p0,1,489,random,Yes
llama-65b,news-manual-all-test,3,p0,1,723,random,Yes
llama-65b,news-manual-all-test,3,p1,1,287,random,Yes
llama-65b,news-manual-all-test,3,p1,1,489,random,Yes
llama-65b,news-manual-all-test,3,p1,1,723,random,Yes
llama-65b,news-manual-all-test,3,p2,1,287,random,Yes
llama-65b,news-manual-all-test,3,p2,1,489,random,Yes
llama-65b,news-manual-all-test,3,p2,1,723,random,Yes
llama-7b,asset-test,3,p0,1,287,random,Yes
llama-7b,asset-test,3,p0,1,489,random,Yes
llama-7b,asset-test,3,p0,1,723,random,Yes
llama-7b,asset-test,3,p1,1,287,random,Yes
llama-7b,asset-test,3,p1,1,489,random,Yes
llama-7b,asset-test,3,p1,1,723,random,Yes
llama-7b,asset-test,3,p2,1,287,random,Yes
llama-7b,asset-test,3,p2,1,489,random,Yes
llama-7b,asset-test,3,p2,1,723,random,Yes
llama-7b,med-easi-test,3,p0,1,287,random,Yes
llama-7b,med-easi-test,3,p0,1,489,random,Yes
llama-7b,med-easi-test,3,p0,1,723,random,Yes
llama-7b,med-easi-test,3,p1,1,287,random,Yes
llama-7b,med-easi-test,3,p1,1,489,random,Yes
llama-7b,med-easi-test,3,p1,1,723,random,Yes
llama-7b,med-easi-test,3,p2,1,287,random,Yes
llama-7b,med-easi-test,3,p2,1,489,random,Yes
llama-7b,med-easi-test,3,p2,1,723,random,Yes
llama-7b,news-manual-all-test,3,p0,1,287,random,Yes
llama-7b,news-manual-all-test,3,p0,1,489,random,Yes
llama-7b,news-manual-all-test,3,p0,1,723,random,Yes
llama-7b,news-manual-all-test,3,p1,1,287,random,Yes
llama-7b,news-manual-all-test,3,p1,1,489,random,Yes
llama-7b,news-manual-all-test,3,p1,1,723,random,Yes
llama-7b,news-manual-all-test,3,p2,1,287,random,Yes
llama-7b,news-manual-all-test,3,p2,1,489,random,Yes
llama-7b,news-manual-all-test,3,p2,1,723,random,Yes
openai-gpt-3.5-turbo,asset-test,3,p0,1,287,random,Yes
openai-gpt-3.5-turbo,asset-test,3,p0,1,489,random,Yes
openai-gpt-3.5-turbo,asset-test,3,p0,1,723,random,Yes
openai-gpt-3.5-turbo,asset-test,3,p1,1,287,random,Yes
openai-gpt-3.5-turbo,asset-test,3,p1,1,489,random,Yes
openai-gpt-3.5-turbo,asset-test,3,p1,1,723,random,Yes
openai-gpt-3.5-turbo,asset-test,3,p2,1,287,random,Yes
openai-gpt-3.5-turbo,asset-test,3,p2,1,489,random,Yes
openai-gpt-3.5-turbo,asset-test,3,p2,1,723,random,Yes
openai-gpt-3.5-turbo,med-easi-test,3,p0,1,287,random,No
openai-gpt-3.5-turbo,med-easi-test,3,p0,1,489,random,No
openai-gpt-3.5-turbo,med-easi-test,3,p0,1,723,random,No
openai-gpt-3.5-turbo,med-easi-test,3,p1,1,287,random,No
openai-gpt-3.5-turbo,med-easi-test,3,p1,1,489,random,No
openai-gpt-3.5-turbo,med-easi-test,3,p1,1,723,random,No
openai-gpt-3.5-turbo,med-easi-test,3,p2,1,287,random,No
openai-gpt-3.5-turbo,med-easi-test,3,p2,1,489,random,No
openai-gpt-3.5-turbo,med-easi-test,3,p2,1,723,random,No
openai-gpt-3.5-turbo,news-manual-all-test,3,p0,1,287,random,No
openai-gpt-3.5-turbo,news-manual-all-test,3,p0,1,489,random,No
openai-gpt-3.5-turbo,news-manual-all-test,3,p0,1,723,random,No
openai-gpt-3.5-turbo,news-manual-all-test,3,p1,1,287,random,No
openai-gpt-3.5-turbo,news-manual-all-test,3,p1,1,489,random,No
openai-gpt-3.5-turbo,news-manual-all-test,3,p1,1,723,random,No
openai-gpt-3.5-turbo,news-manual-all-test,3,p2,1,287,random,No
openai-gpt-3.5-turbo,news-manual-all-test,3,p2,1,489,random,No
openai-gpt-3.5-turbo,news-manual-all-test,3,p2,1,723,random,No
openai-text-ada-001,asset-test,3,p0,1,287,random,Yes
openai-text-ada-001,asset-test,3,p0,1,489,random,Yes
openai-text-ada-001,asset-test,3,p0,1,723,random,Yes
openai-text-ada-001,asset-test,3,p1,1,287,random,Yes
openai-text-ada-001,asset-test,3,p1,1,489,random,Yes
openai-text-ada-001,asset-test,3,p1,1,723,random,Yes
openai-text-ada-001,asset-test,3,p2,1,287,random,Yes
openai-text-ada-001,asset-test,3,p2,1,489,random,Yes
openai-text-ada-001,asset-test,3,p2,1,723,random,Yes
openai-text-ada-001,med-easi-test,3,p0,1,287,random,No
openai-text-ada-001,med-easi-test,3,p0,1,489,random,No
openai-text-ada-001,med-easi-test,3,p0,1,723,random,No
openai-text-ada-001,med-easi-test,3,p1,1,287,random,No
openai-text-ada-001,med-easi-test,3,p1,1,489,random,No
openai-text-ada-001,med-easi-test,3,p1,1,723,random,No
openai-text-ada-001,med-easi-test,3,p2,1,287,random,No
openai-text-ada-001,med-easi-test,3,p2,1,489,random,No
openai-text-ada-001,med-easi-test,3,p2,1,723,random,No
openai-text-ada-001,news-manual-all-test,3,p0,1,287,random,No
openai-text-ada-001,news-manual-all-test,3,p0,1,489,random,No
openai-text-ada-001,news-manual-all-test,3,p0,1,723,random,No
openai-text-ada-001,news-manual-all-test,3,p1,1,287,random,No
openai-text-ada-001,news-manual-all-test,3,p1,1,489,random,No
openai-text-ada-001,news-manual-all-test,3,p1,1,723,random,No
openai-text-ada-001,news-manual-all-test,3,p2,1,287,random,No
openai-text-ada-001,news-manual-all-test,3,p2,1,489,random,No
openai-text-ada-001,news-manual-all-test,3,p2,1,723,random,No
openai-text-babbage-001,asset-test,3,p0,1,287,random,Yes
openai-text-babbage-001,asset-test,3,p0,1,489,random,Yes
openai-text-babbage-001,asset-test,3,p0,1,723,random,Yes
openai-text-babbage-001,asset-test,3,p1,1,287,random,Yes
openai-text-babbage-001,asset-test,3,p1,1,489,random,Yes
openai-text-babbage-001,asset-test,3,p1,1,723,random,Yes
openai-text-babbage-001,asset-test,3,p2,1,287,random,Yes
openai-text-babbage-001,asset-test,3,p2,1,489,random,Yes
openai-text-babbage-001,asset-test,3,p2,1,723,random,Yes
openai-text-babbage-001,med-easi-test,3,p0,1,287,random,No
openai-text-babbage-001,med-easi-test,3,p0,1,489,random,No
openai-text-babbage-001,med-easi-test,3,p0,1,723,random,No
openai-text-babbage-001,med-easi-test,3,p1,1,287,random,No
openai-text-babbage-001,med-easi-test,3,p1,1,489,random,No
openai-text-babbage-001,med-easi-test,3,p1,1,723,random,No
openai-text-babbage-001,med-easi-test,3,p2,1,287,random,No
openai-text-babbage-001,med-easi-test,3,p2,1,489,random,No
openai-text-babbage-001,med-easi-test,3,p2,1,723,random,No
openai-text-babbage-001,news-manual-all-test,3,p0,1,287,random,No
openai-text-babbage-001,news-manual-all-test,3,p0,1,489,random,No
openai-text-babbage-001,news-manual-all-test,3,p0,1,723,random,No
openai-text-babbage-001,news-manual-all-test,3,p1,1,287,random,No
openai-text-babbage-001,news-manual-all-test,3,p1,1,489,random,No
openai-text-babbage-001,news-manual-all-test,3,p1,1,723,random,No
openai-text-babbage-001,news-manual-all-test,3,p2,1,287,random,No
openai-text-babbage-001,news-manual-all-test,3,p2,1,489,random,No
openai-text-babbage-001,news-manual-all-test,3,p2,1,723,random,No
openai-text-curie-001,asset-test,3,p0,1,287,random,Yes
openai-text-curie-001,asset-test,3,p0,1,489,random,Yes
openai-text-curie-001,asset-test,3,p0,1,723,random,Yes
openai-text-curie-001,asset-test,3,p1,1,287,random,Yes
openai-text-curie-001,asset-test,3,p1,1,489,random,Yes
openai-text-curie-001,asset-test,3,p1,1,723,random,Yes
openai-text-curie-001,asset-test,3,p2,1,287,random,Yes
openai-text-curie-001,asset-test,3,p2,1,489,random,Yes
openai-text-curie-001,asset-test,3,p2,1,723,random,Yes
openai-text-curie-001,med-easi-test,3,p0,1,287,random,No
openai-text-curie-001,med-easi-test,3,p0,1,489,random,No
openai-text-curie-001,med-easi-test,3,p0,1,723,random,No
openai-text-curie-001,med-easi-test,3,p1,1,287,random,No
openai-text-curie-001,med-easi-test,3,p1,1,489,random,No
openai-text-curie-001,med-easi-test,3,p1,1,723,random,No
openai-text-curie-001,med-easi-test,3,p2,1,287,random,No
openai-text-curie-001,med-easi-test,3,p2,1,489,random,No
openai-text-curie-001,med-easi-test,3,p2,1,723,random,No
openai-text-curie-001,news-manual-all-test,3,p0,1,287,random,No
openai-text-curie-001,news-manual-all-test,3,p0,1,489,random,No
openai-text-curie-001,news-manual-all-test,3,p0,1,723,random,No
openai-text-curie-001,news-manual-all-test,3,p1,1,287,random,No
openai-text-curie-001,news-manual-all-test,3,p1,1,489,random,No
openai-text-curie-001,news-manual-all-test,3,p1,1,723,random,No
openai-text-curie-001,news-manual-all-test,3,p2,1,287,random,No
openai-text-curie-001,news-manual-all-test,3,p2,1,489,random,No
openai-text-curie-001,news-manual-all-test,3,p2,1,723,random,No
openai-text-davinci-002,asset-test,3,p0,1,287,random,No
openai-text-davinci-002,asset-test,3,p0,1,489,random,Yes
openai-text-davinci-002,asset-test,3,p0,1,723,random,No
openai-text-davinci-002,asset-test,3,p1,1,287,random,No
openai-text-davinci-002,asset-test,3,p1,1,489,random,Yes
openai-text-davinci-002,asset-test,3,p1,1,723,random,No
openai-text-davinci-002,asset-test,3,p2,1,287,random,No
openai-text-davinci-002,asset-test,3,p2,1,489,random,Yes
openai-text-davinci-002,asset-test,3,p2,1,723,random,No
openai-text-davinci-002,med-easi-test,3,p0,1,287,random,No
openai-text-davinci-002,med-easi-test,3,p0,1,489,random,No
openai-text-davinci-002,med-easi-test,3,p0,1,723,random,No
openai-text-davinci-002,med-easi-test,3,p1,1,287,random,No
openai-text-davinci-002,med-easi-test,3,p1,1,489,random,No
openai-text-davinci-002,med-easi-test,3,p1,1,723,random,No
openai-text-davinci-002,med-easi-test,3,p2,1,287,random,No
openai-text-davinci-002,med-easi-test,3,p2,1,489,random,No
openai-text-davinci-002,med-easi-test,3,p2,1,723,random,No
openai-text-davinci-002,news-manual-all-test,3,p0,1,287,random,No
openai-text-davinci-002,news-manual-all-test,3,p0,1,489,random,No
openai-text-davinci-002,news-manual-all-test,3,p0,1,723,random,No
openai-text-davinci-002,news-manual-all-test,3,p1,1,287,random,No
openai-text-davinci-002,news-manual-all-test,3,p1,1,489,random,No
openai-text-davinci-002,news-manual-all-test,3,p1,1,723,random,No
openai-text-davinci-002,news-manual-all-test,3,p2,1,287,random,No
openai-text-davinci-002,news-manual-all-test,3,p2,1,489,random,No
openai-text-davinci-002,news-manual-all-test,3,p2,1,723,random,No
openai-text-davinci-003,asset-test,3,p0,1,287,random,No
openai-text-davinci-003,asset-test,3,p0,1,489,random,Yes
openai-text-davinci-003,asset-test,3,p0,1,723,random,No
openai-text-davinci-003,asset-test,3,p1,1,287,random,No
openai-text-davinci-003,asset-test,3,p1,1,489,random,Yes
openai-text-davinci-003,asset-test,3,p1,1,723,random,No
openai-text-davinci-003,asset-test,3,p2,1,287,random,No
openai-text-davinci-003,asset-test,3,p2,1,489,random,Yes
openai-text-davinci-003,asset-test,3,p2,1,723,random,No
openai-text-davinci-003,med-easi-test,3,p0,1,287,random,No
openai-text-davinci-003,med-easi-test,3,p0,1,489,random,No
openai-text-davinci-003,med-easi-test,3,p0,1,723,random,No
openai-text-davinci-003,med-easi-test,3,p1,1,287,random,No
openai-text-davinci-003,med-easi-test,3,p1,1,489,random,No
openai-text-davinci-003,med-easi-test,3,p1,1,723,random,No
openai-text-davinci-003,med-easi-test,3,p2,1,287,random,No
openai-text-davinci-003,med-easi-test,3,p2,1,489,random,No
openai-text-davinci-003,med-easi-test,3,p2,1,723,random,No
openai-text-davinci-003,news-manual-all-test,3,p0,1,287,random,No
openai-text-davinci-003,news-manual-all-test,3,p0,1,489,random,No
openai-text-davinci-003,news-manual-all-test,3,p0,1,723,random,No
openai-text-davinci-003,news-manual-all-test,3,p1,1,287,random,No
openai-text-davinci-003,news-manual-all-test,3,p1,1,489,random,No
openai-text-davinci-003,news-manual-all-test,3,p1,1,723,random,No
openai-text-davinci-003,news-manual-all-test,3,p2,1,287,random,No
openai-text-davinci-003,news-manual-all-test,3,p2,1,489,random,No
openai-text-davinci-003,news-manual-all-test,3,p2,1,723,random,No
opt-1.3b,asset-test,3,p0,1,287,random,Yes
opt-1.3b,asset-test,3,p0,1,489,random,Yes
opt-1.3b,asset-test,3,p0,1,723,random,Yes
opt-1.3b,asset-test,3,p1,1,287,random,Yes
opt-1.3b,asset-test,3,p1,1,489,random,Yes
opt-1.3b,asset-test,3,p1,1,723,random,Yes
opt-1.3b,asset-test,3,p2,1,287,random,Yes
opt-1.3b,asset-test,3,p2,1,489,random,Yes
opt-1.3b,asset-test,3,p2,1,723,random,Yes
opt-1.3b,med-easi-test,3,p0,1,287,random,Yes
opt-1.3b,med-easi-test,3,p0,1,489,random,Yes
opt-1.3b,med-easi-test,3,p0,1,723,random,Yes
opt-1.3b,med-easi-test,3,p1,1,287,random,Yes
opt-1.3b,med-easi-test,3,p1,1,489,random,Yes
opt-1.3b,med-easi-test,3,p1,1,723,random,Yes
opt-1.3b,med-easi-test,3,p2,1,287,random,Yes
opt-1.3b,med-easi-test,3,p2,1,489,random,Yes
opt-1.3b,med-easi-test,3,p2,1,723,random,Yes
opt-1.3b,news-manual-all-test,3,p0,1,287,random,Yes
opt-1.3b,news-manual-all-test,3,p0,1,489,random,Yes
opt-1.3b,news-manual-all-test,3,p0,1,723,random,Yes
opt-1.3b,news-manual-all-test,3,p1,1,287,random,Yes
opt-1.3b,news-manual-all-test,3,p1,1,489,random,Yes
opt-1.3b,news-manual-all-test,3,p1,1,723,random,Yes
opt-1.3b,news-manual-all-test,3,p2,1,287,random,Yes
opt-1.3b,news-manual-all-test,3,p2,1,489,random,Yes
opt-1.3b,news-manual-all-test,3,p2,1,723,random,Yes
opt-13b,asset-test,3,p0,1,287,random,Yes
opt-13b,asset-test,3,p0,1,489,random,Yes
opt-13b,asset-test,3,p0,1,723,random,Yes
opt-13b,asset-test,3,p1,1,287,random,Yes
opt-13b,asset-test,3,p1,1,489,random,Yes
opt-13b,asset-test,3,p1,1,723,random,Yes
opt-13b,asset-test,3,p2,1,287,random,Yes
opt-13b,asset-test,3,p2,1,489,random,Yes
opt-13b,asset-test,3,p2,1,723,random,Yes
opt-13b,med-easi-test,3,p0,1,287,random,Yes
opt-13b,med-easi-test,3,p0,1,489,random,Yes
opt-13b,med-easi-test,3,p0,1,723,random,Yes
opt-13b,med-easi-test,3,p1,1,287,random,Yes
opt-13b,med-easi-test,3,p1,1,489,random,Yes
opt-13b,med-easi-test,3,p1,1,723,random,Yes
opt-13b,med-easi-test,3,p2,1,287,random,Yes
opt-13b,med-easi-test,3,p2,1,489,random,Yes
opt-13b,med-easi-test,3,p2,1,723,random,Yes
opt-13b,news-manual-all-test,3,p0,1,287,random,Yes
opt-13b,news-manual-all-test,3,p0,1,489,random,Yes
opt-13b,news-manual-all-test,3,p0,1,723,random,Yes
opt-13b,news-manual-all-test,3,p1,1,287,random,Yes
opt-13b,news-manual-all-test,3,p1,1,489,random,Yes
opt-13b,news-manual-all-test,3,p1,1,723,random,Yes
opt-13b,news-manual-all-test,3,p2,1,287,random,Yes
opt-13b,news-manual-all-test,3,p2,1,489,random,Yes
opt-13b,news-manual-all-test,3,p2,1,723,random,Yes
opt-30b,asset-test,3,p0,1,287,random,Yes
opt-30b,asset-test,3,p0,1,489,random,Yes
opt-30b,asset-test,3,p0,1,723,random,Yes
opt-30b,asset-test,3,p1,1,287,random,Yes
opt-30b,asset-test,3,p1,1,489,random,Yes
opt-30b,asset-test,3,p1,1,723,random,Yes
opt-30b,asset-test,3,p2,1,287,random,Yes
opt-30b,asset-test,3,p2,1,489,random,Yes
opt-30b,asset-test,3,p2,1,723,random,Yes
opt-30b,med-easi-test,3,p0,1,287,random,Yes
opt-30b,med-easi-test,3,p0,1,489,random,Yes
opt-30b,med-easi-test,3,p0,1,723,random,Yes
opt-30b,med-easi-test,3,p1,1,287,random,Yes
opt-30b,med-easi-test,3,p1,1,489,random,Yes
opt-30b,med-easi-test,3,p1,1,723,random,Yes
opt-30b,med-easi-test,3,p2,1,287,random,Yes
opt-30b,med-easi-test,3,p2,1,489,random,Yes
opt-30b,med-easi-test,3,p2,1,723,random,Yes
opt-30b,news-manual-all-test,3,p0,1,287,random,Yes
opt-30b,news-manual-all-test,3,p0,1,489,random,Yes
opt-30b,news-manual-all-test,3,p0,1,723,random,Yes
opt-30b,news-manual-all-test,3,p1,1,287,random,Yes
opt-30b,news-manual-all-test,3,p1,1,489,random,Yes
opt-30b,news-manual-all-test,3,p1,1,723,random,Yes
opt-30b,news-manual-all-test,3,p2,1,287,random,Yes
opt-30b,news-manual-all-test,3,p2,1,489,random,Yes
opt-30b,news-manual-all-test,3,p2,1,723,random,Yes
opt-6.7b,asset-test,3,p0,1,287,random,Yes
opt-6.7b,asset-test,3,p0,1,489,random,Yes
opt-6.7b,asset-test,3,p0,1,723,random,Yes
opt-6.7b,asset-test,3,p1,1,287,random,Yes
opt-6.7b,asset-test,3,p1,1,489,random,Yes
opt-6.7b,asset-test,3,p1,1,723,random,Yes
opt-6.7b,asset-test,3,p2,1,287,random,Yes
opt-6.7b,asset-test,3,p2,1,489,random,Yes
opt-6.7b,asset-test,3,p2,1,723,random,Yes
opt-6.7b,med-easi-test,3,p0,1,287,random,Yes
opt-6.7b,med-easi-test,3,p0,1,489,random,Yes
opt-6.7b,med-easi-test,3,p0,1,723,random,Yes
opt-6.7b,med-easi-test,3,p1,1,287,random,Yes
opt-6.7b,med-easi-test,3,p1,1,489,random,Yes
opt-6.7b,med-easi-test,3,p1,1,723,random,Yes
opt-6.7b,med-easi-test,3,p2,1,287,random,Yes
opt-6.7b,med-easi-test,3,p2,1,489,random,Yes
opt-6.7b,med-easi-test,3,p2,1,723,random,Yes
opt-6.7b,news-manual-all-test,3,p0,1,287,random,Yes
opt-6.7b,news-manual-all-test,3,p0,1,489,random,Yes
opt-6.7b,news-manual-all-test,3,p0,1,723,random,Yes
opt-6.7b,news-manual-all-test,3,p1,1,287,random,Yes
opt-6.7b,news-manual-all-test,3,p1,1,489,random,Yes
opt-6.7b,news-manual-all-test,3,p1,1,723,random,Yes
opt-6.7b,news-manual-all-test,3,p2,1,287,random,Yes
opt-6.7b,news-manual-all-test,3,p2,1,489,random,Yes
opt-6.7b,news-manual-all-test,3,p2,1,723,random,Yes
opt-66b,asset-test,3,p0,1,287,random,Yes
opt-66b,asset-test,3,p0,1,489,random,Yes
opt-66b,asset-test,3,p0,1,723,random,Yes
opt-66b,asset-test,3,p1,1,287,random,Yes
opt-66b,asset-test,3,p1,1,489,random,Yes
opt-66b,asset-test,3,p1,1,723,random,Yes
opt-66b,asset-test,3,p2,1,287,random,Yes
opt-66b,asset-test,3,p2,1,489,random,Yes
opt-66b,asset-test,3,p2,1,723,random,Yes
opt-66b,med-easi-test,3,p0,1,287,random,Yes
opt-66b,med-easi-test,3,p0,1,489,random,Yes
opt-66b,med-easi-test,3,p0,1,723,random,Yes
opt-66b,med-easi-test,3,p1,1,287,random,Yes
opt-66b,med-easi-test,3,p1,1,489,random,Yes
opt-66b,med-easi-test,3,p1,1,723,random,Yes
opt-66b,med-easi-test,3,p2,1,287,random,Yes
opt-66b,med-easi-test,3,p2,1,489,random,Yes
opt-66b,med-easi-test,3,p2,1,723,random,Yes
opt-66b,news-manual-all-test,3,p0,1,287,random,Yes
opt-66b,news-manual-all-test,3,p0,1,489,random,Yes
opt-66b,news-manual-all-test,3,p0,1,723,random,Yes
opt-66b,news-manual-all-test,3,p1,1,287,random,Yes
opt-66b,news-manual-all-test,3,p1,1,489,random,Yes
opt-66b,news-manual-all-test,3,p1,1,723,random,Yes
opt-66b,news-manual-all-test,3,p2,1,287,random,Yes
opt-66b,news-manual-all-test,3,p2,1,489,random,Yes
opt-66b,news-manual-all-test,3,p2,1,723,random,Yes
opt-iml-max-1.3b,asset-test,3,p0,1,287,random,Yes
opt-iml-max-1.3b,asset-test,3,p0,1,489,random,Yes
opt-iml-max-1.3b,asset-test,3,p0,1,723,random,Yes
opt-iml-max-1.3b,asset-test,3,p1,1,287,random,Yes
opt-iml-max-1.3b,asset-test,3,p1,1,489,random,Yes
opt-iml-max-1.3b,asset-test,3,p1,1,723,random,Yes
opt-iml-max-1.3b,asset-test,3,p2,1,287,random,Yes
opt-iml-max-1.3b,asset-test,3,p2,1,489,random,Yes
opt-iml-max-1.3b,asset-test,3,p2,1,723,random,Yes
opt-iml-max-1.3b,med-easi-test,3,p0,1,287,random,Yes
opt-iml-max-1.3b,med-easi-test,3,p0,1,489,random,Yes
opt-iml-max-1.3b,med-easi-test,3,p0,1,723,random,Yes
opt-iml-max-1.3b,med-easi-test,3,p1,1,287,random,Yes
opt-iml-max-1.3b,med-easi-test,3,p1,1,489,random,Yes
opt-iml-max-1.3b,med-easi-test,3,p1,1,723,random,Yes
opt-iml-max-1.3b,med-easi-test,3,p2,1,287,random,Yes
opt-iml-max-1.3b,med-easi-test,3,p2,1,489,random,Yes
opt-iml-max-1.3b,med-easi-test,3,p2,1,723,random,Yes
opt-iml-max-1.3b,news-manual-all-test,3,p0,1,287,random,Yes
opt-iml-max-1.3b,news-manual-all-test,3,p0,1,489,random,Yes
opt-iml-max-1.3b,news-manual-all-test,3,p0,1,723,random,Yes
opt-iml-max-1.3b,news-manual-all-test,3,p1,1,287,random,Yes
opt-iml-max-1.3b,news-manual-all-test,3,p1,1,489,random,Yes
opt-iml-max-1.3b,news-manual-all-test,3,p1,1,723,random,Yes
opt-iml-max-1.3b,news-manual-all-test,3,p2,1,287,random,Yes
opt-iml-max-1.3b,news-manual-all-test,3,p2,1,489,random,Yes
opt-iml-max-1.3b,news-manual-all-test,3,p2,1,723,random,Yes
opt-iml-max-30b,asset-test,3,p0,1,287,random,Yes
opt-iml-max-30b,asset-test,3,p0,1,489,random,Yes
opt-iml-max-30b,asset-test,3,p0,1,723,random,Yes
opt-iml-max-30b,asset-test,3,p1,1,287,random,Yes
opt-iml-max-30b,asset-test,3,p1,1,489,random,Yes
opt-iml-max-30b,asset-test,3,p1,1,723,random,Yes
opt-iml-max-30b,asset-test,3,p2,1,287,random,Yes
opt-iml-max-30b,asset-test,3,p2,1,489,random,Yes
opt-iml-max-30b,asset-test,3,p2,1,723,random,Yes
opt-iml-max-30b,med-easi-test,3,p0,1,287,random,Yes
opt-iml-max-30b,med-easi-test,3,p0,1,489,random,Yes
opt-iml-max-30b,med-easi-test,3,p0,1,723,random,Yes
opt-iml-max-30b,med-easi-test,3,p1,1,287,random,Yes
opt-iml-max-30b,med-easi-test,3,p1,1,489,random,Yes
opt-iml-max-30b,med-easi-test,3,p1,1,723,random,Yes
opt-iml-max-30b,med-easi-test,3,p2,1,287,random,Yes
opt-iml-max-30b,med-easi-test,3,p2,1,489,random,Yes
opt-iml-max-30b,med-easi-test,3,p2,1,723,random,Yes
opt-iml-max-30b,news-manual-all-test,3,p0,1,287,random,Yes
opt-iml-max-30b,news-manual-all-test,3,p0,1,489,random,Yes
opt-iml-max-30b,news-manual-all-test,3,p0,1,723,random,Yes
opt-iml-max-30b,news-manual-all-test,3,p1,1,287,random,Yes
opt-iml-max-30b,news-manual-all-test,3,p1,1,489,random,Yes
opt-iml-max-30b,news-manual-all-test,3,p1,1,723,random,Yes
opt-iml-max-30b,news-manual-all-test,3,p2,1,287,random,Yes
opt-iml-max-30b,news-manual-all-test,3,p2,1,489,random,Yes
opt-iml-max-30b,news-manual-all-test,3,p2,1,723,random,Yes
t0,asset-test,3,p0,1,287,random,Yes
t0,asset-test,3,p0,1,489,random,Yes
t0,asset-test,3,p0,1,723,random,Yes
t0,asset-test,3,p1,1,287,random,Yes
t0,asset-test,3,p1,1,489,random,Yes
t0,asset-test,3,p1,1,723,random,Yes
t0,asset-test,3,p2,1,287,random,Yes
t0,asset-test,3,p2,1,489,random,Yes
t0,asset-test,3,p2,1,723,random,Yes
t0,med-easi-test,3,p0,1,287,random,Yes
t0,med-easi-test,3,p0,1,489,random,Yes
t0,med-easi-test,3,p0,1,723,random,Yes
t0,med-easi-test,3,p1,1,287,random,Yes
t0,med-easi-test,3,p1,1,489,random,Yes
t0,med-easi-test,3,p1,1,723,random,Yes
t0,med-easi-test,3,p2,1,287,random,Yes
t0,med-easi-test,3,p2,1,489,random,Yes
t0,med-easi-test,3,p2,1,723,random,Yes
t0,news-manual-all-test,3,p0,1,287,random,Yes
t0,news-manual-all-test,3,p0,1,489,random,Yes
t0,news-manual-all-test,3,p0,1,723,random,Yes
t0,news-manual-all-test,3,p1,1,287,random,Yes
t0,news-manual-all-test,3,p1,1,489,random,Yes
t0,news-manual-all-test,3,p1,1,723,random,Yes
t0,news-manual-all-test,3,p2,1,287,random,Yes
t0,news-manual-all-test,3,p2,1,489,random,Yes
t0,news-manual-all-test,3,p2,1,723,random,Yes
t0-3b,asset-test,3,p0,1,287,random,Yes
t0-3b,asset-test,3,p0,1,489,random,Yes
t0-3b,asset-test,3,p0,1,723,random,Yes
t0-3b,asset-test,3,p1,1,287,random,Yes
t0-3b,asset-test,3,p1,1,489,random,Yes
t0-3b,asset-test,3,p1,1,723,random,Yes
t0-3b,asset-test,3,p2,1,287,random,Yes
t0-3b,asset-test,3,p2,1,489,random,Yes
t0-3b,asset-test,3,p2,1,723,random,Yes
t0-3b,med-easi-test,3,p0,1,287,random,Yes
t0-3b,med-easi-test,3,p0,1,489,random,Yes
t0-3b,med-easi-test,3,p0,1,723,random,Yes
t0-3b,med-easi-test,3,p1,1,287,random,Yes
t0-3b,med-easi-test,3,p1,1,489,random,Yes
t0-3b,med-easi-test,3,p1,1,723,random,Yes
t0-3b,med-easi-test,3,p2,1,287,random,Yes
t0-3b,med-easi-test,3,p2,1,489,random,Yes
t0-3b,med-easi-test,3,p2,1,723,random,Yes
t0-3b,news-manual-all-test,3,p0,1,287,random,Yes
t0-3b,news-manual-all-test,3,p0,1,489,random,Yes
t0-3b,news-manual-all-test,3,p0,1,723,random,Yes
t0-3b,news-manual-all-test,3,p1,1,287,random,Yes
t0-3b,news-manual-all-test,3,p1,1,489,random,Yes
t0-3b,news-manual-all-test,3,p1,1,723,random,Yes
t0-3b,news-manual-all-test,3,p2,1,287,random,Yes
t0-3b,news-manual-all-test,3,p2,1,489,random,Yes
t0-3b,news-manual-all-test,3,p2,1,723,random,Yes
t0pp,asset-test,3,p0,1,287,random,Yes
t0pp,asset-test,3,p0,1,489,random,Yes
t0pp,asset-test,3,p0,1,723,random,Yes
t0pp,asset-test,3,p1,1,287,random,Yes
t0pp,asset-test,3,p1,1,489,random,Yes
t0pp,asset-test,3,p1,1,723,random,Yes
t0pp,asset-test,3,p2,1,287,random,Yes
t0pp,asset-test,3,p2,1,489,random,Yes
t0pp,asset-test,3,p2,1,723,random,Yes
t0pp,med-easi-test,3,p0,1,287,random,Yes
t0pp,med-easi-test,3,p0,1,489,random,Yes
t0pp,med-easi-test,3,p0,1,723,random,Yes
t0pp,med-easi-test,3,p1,1,287,random,Yes
t0pp,med-easi-test,3,p1,1,489,random,Yes
t0pp,med-easi-test,3,p1,1,723,random,Yes
t0pp,med-easi-test,3,p2,1,287,random,Yes
t0pp,med-easi-test,3,p2,1,489,random,Yes
t0pp,med-easi-test,3,p2,1,723,random,Yes
t0pp,news-manual-all-test,3,p0,1,287,random,Yes
t0pp,news-manual-all-test,3,p0,1,489,random,Yes
t0pp,news-manual-all-test,3,p0,1,723,random,Yes
t0pp,news-manual-all-test,3,p1,1,287,random,Yes
t0pp,news-manual-all-test,3,p1,1,489,random,Yes
t0pp,news-manual-all-test,3,p1,1,723,random,Yes
t0pp,news-manual-all-test,3,p2,1,287,random,Yes
t0pp,news-manual-all-test,3,p2,1,489,random,Yes
t0pp,news-manual-all-test,3,p2,1,723,random,Yes
t5-base-lm-adapt,asset-test,3,p0,1,287,random,Yes
t5-base-lm-adapt,asset-test,3,p0,1,489,random,Yes
t5-base-lm-adapt,asset-test,3,p0,1,723,random,Yes
t5-base-lm-adapt,asset-test,3,p1,1,287,random,Yes
t5-base-lm-adapt,asset-test,3,p1,1,489,random,Yes
t5-base-lm-adapt,asset-test,3,p1,1,723,random,Yes
t5-base-lm-adapt,asset-test,3,p2,1,287,random,Yes
t5-base-lm-adapt,asset-test,3,p2,1,489,random,Yes
t5-base-lm-adapt,asset-test,3,p2,1,723,random,Yes
t5-base-lm-adapt,med-easi-test,3,p0,1,287,random,Yes
t5-base-lm-adapt,med-easi-test,3,p0,1,489,random,Yes
t5-base-lm-adapt,med-easi-test,3,p0,1,723,random,Yes
t5-base-lm-adapt,med-easi-test,3,p1,1,287,random,Yes
t5-base-lm-adapt,med-easi-test,3,p1,1,489,random,Yes
t5-base-lm-adapt,med-easi-test,3,p1,1,723,random,Yes
t5-base-lm-adapt,med-easi-test,3,p2,1,287,random,Yes
t5-base-lm-adapt,med-easi-test,3,p2,1,489,random,Yes
t5-base-lm-adapt,med-easi-test,3,p2,1,723,random,Yes
t5-base-lm-adapt,news-manual-all-test,3,p0,1,287,random,Yes
t5-base-lm-adapt,news-manual-all-test,3,p0,1,489,random,Yes
t5-base-lm-adapt,news-manual-all-test,3,p0,1,723,random,Yes
t5-base-lm-adapt,news-manual-all-test,3,p1,1,287,random,Yes
t5-base-lm-adapt,news-manual-all-test,3,p1,1,489,random,Yes
t5-base-lm-adapt,news-manual-all-test,3,p1,1,723,random,Yes
t5-base-lm-adapt,news-manual-all-test,3,p2,1,287,random,Yes
t5-base-lm-adapt,news-manual-all-test,3,p2,1,489,random,Yes
t5-base-lm-adapt,news-manual-all-test,3,p2,1,723,random,Yes
t5-large-lm-adapt,asset-test,3,p0,1,287,random,Yes
t5-large-lm-adapt,asset-test,3,p0,1,489,random,Yes
t5-large-lm-adapt,asset-test,3,p0,1,723,random,Yes
t5-large-lm-adapt,asset-test,3,p1,1,287,random,Yes
t5-large-lm-adapt,asset-test,3,p1,1,489,random,Yes
t5-large-lm-adapt,asset-test,3,p1,1,723,random,Yes
t5-large-lm-adapt,asset-test,3,p2,1,287,random,Yes
t5-large-lm-adapt,asset-test,3,p2,1,489,random,Yes
t5-large-lm-adapt,asset-test,3,p2,1,723,random,Yes
t5-large-lm-adapt,med-easi-test,3,p0,1,287,random,Yes
t5-large-lm-adapt,med-easi-test,3,p0,1,489,random,Yes
t5-large-lm-adapt,med-easi-test,3,p0,1,723,random,Yes
t5-large-lm-adapt,med-easi-test,3,p1,1,287,random,Yes
t5-large-lm-adapt,med-easi-test,3,p1,1,489,random,Yes
t5-large-lm-adapt,med-easi-test,3,p1,1,723,random,Yes
t5-large-lm-adapt,med-easi-test,3,p2,1,287,random,Yes
t5-large-lm-adapt,med-easi-test,3,p2,1,489,random,Yes
t5-large-lm-adapt,med-easi-test,3,p2,1,723,random,Yes
t5-large-lm-adapt,news-manual-all-test,3,p0,1,287,random,Yes
t5-large-lm-adapt,news-manual-all-test,3,p0,1,489,random,Yes
t5-large-lm-adapt,news-manual-all-test,3,p0,1,723,random,Yes
t5-large-lm-adapt,news-manual-all-test,3,p1,1,287,random,Yes
t5-large-lm-adapt,news-manual-all-test,3,p1,1,489,random,Yes
t5-large-lm-adapt,news-manual-all-test,3,p1,1,723,random,Yes
t5-large-lm-adapt,news-manual-all-test,3,p2,1,287,random,Yes
t5-large-lm-adapt,news-manual-all-test,3,p2,1,489,random,Yes
t5-large-lm-adapt,news-manual-all-test,3,p2,1,723,random,Yes
t5-small-lm-adapt,asset-test,3,p0,1,287,random,Yes
t5-small-lm-adapt,asset-test,3,p0,1,489,random,Yes
t5-small-lm-adapt,asset-test,3,p0,1,723,random,Yes
t5-small-lm-adapt,asset-test,3,p1,1,287,random,Yes
t5-small-lm-adapt,asset-test,3,p1,1,489,random,Yes
t5-small-lm-adapt,asset-test,3,p1,1,723,random,Yes
t5-small-lm-adapt,asset-test,3,p2,1,287,random,Yes
t5-small-lm-adapt,asset-test,3,p2,1,489,random,Yes
t5-small-lm-adapt,asset-test,3,p2,1,723,random,Yes
t5-small-lm-adapt,med-easi-test,3,p0,1,287,random,Yes
t5-small-lm-adapt,med-easi-test,3,p0,1,489,random,Yes
t5-small-lm-adapt,med-easi-test,3,p0,1,723,random,Yes
t5-small-lm-adapt,med-easi-test,3,p1,1,287,random,Yes
t5-small-lm-adapt,med-easi-test,3,p1,1,489,random,Yes
t5-small-lm-adapt,med-easi-test,3,p1,1,723,random,Yes
t5-small-lm-adapt,med-easi-test,3,p2,1,287,random,Yes
t5-small-lm-adapt,med-easi-test,3,p2,1,489,random,Yes
t5-small-lm-adapt,med-easi-test,3,p2,1,723,random,Yes
t5-small-lm-adapt,news-manual-all-test,3,p0,1,287,random,Yes
t5-small-lm-adapt,news-manual-all-test,3,p0,1,489,random,Yes
t5-small-lm-adapt,news-manual-all-test,3,p0,1,723,random,Yes
t5-small-lm-adapt,news-manual-all-test,3,p1,1,287,random,Yes
t5-small-lm-adapt,news-manual-all-test,3,p1,1,489,random,Yes
t5-small-lm-adapt,news-manual-all-test,3,p1,1,723,random,Yes
t5-small-lm-adapt,news-manual-all-test,3,p2,1,287,random,Yes
t5-small-lm-adapt,news-manual-all-test,3,p2,1,489,random,Yes
t5-small-lm-adapt,news-manual-all-test,3,p2,1,723,random,Yes
t5-xl-lm-adapt,asset-test,3,p0,1,287,random,Yes
t5-xl-lm-adapt,asset-test,3,p0,1,489,random,Yes
t5-xl-lm-adapt,asset-test,3,p0,1,723,random,Yes
t5-xl-lm-adapt,asset-test,3,p1,1,287,random,Yes
t5-xl-lm-adapt,asset-test,3,p1,1,489,random,Yes
t5-xl-lm-adapt,asset-test,3,p1,1,723,random,Yes
t5-xl-lm-adapt,asset-test,3,p2,1,287,random,Yes
t5-xl-lm-adapt,asset-test,3,p2,1,489,random,Yes
t5-xl-lm-adapt,asset-test,3,p2,1,723,random,Yes
t5-xl-lm-adapt,med-easi-test,3,p0,1,287,random,Yes
t5-xl-lm-adapt,med-easi-test,3,p0,1,489,random,Yes
t5-xl-lm-adapt,med-easi-test,3,p0,1,723,random,Yes
t5-xl-lm-adapt,med-easi-test,3,p1,1,287,random,Yes
t5-xl-lm-adapt,med-easi-test,3,p1,1,489,random,Yes
t5-xl-lm-adapt,med-easi-test,3,p1,1,723,random,Yes
t5-xl-lm-adapt,med-easi-test,3,p2,1,287,random,Yes
t5-xl-lm-adapt,med-easi-test,3,p2,1,489,random,Yes
t5-xl-lm-adapt,med-easi-test,3,p2,1,723,random,Yes
t5-xl-lm-adapt,news-manual-all-test,3,p0,1,287,random,Yes
t5-xl-lm-adapt,news-manual-all-test,3,p0,1,489,random,Yes
t5-xl-lm-adapt,news-manual-all-test,3,p0,1,723,random,Yes
t5-xl-lm-adapt,news-manual-all-test,3,p1,1,287,random,Yes
t5-xl-lm-adapt,news-manual-all-test,3,p1,1,489,random,Yes
t5-xl-lm-adapt,news-manual-all-test,3,p1,1,723,random,Yes
t5-xl-lm-adapt,news-manual-all-test,3,p2,1,287,random,Yes
t5-xl-lm-adapt,news-manual-all-test,3,p2,1,489,random,Yes
t5-xl-lm-adapt,news-manual-all-test,3,p2,1,723,random,Yes
t5-xxl-lm-adapt,asset-test,3,p0,1,287,random,Yes
t5-xxl-lm-adapt,asset-test,3,p0,1,489,random,Yes
t5-xxl-lm-adapt,asset-test,3,p0,1,723,random,Yes
t5-xxl-lm-adapt,asset-test,3,p1,1,287,random,Yes
t5-xxl-lm-adapt,asset-test,3,p1,1,489,random,Yes
t5-xxl-lm-adapt,asset-test,3,p1,1,723,random,Yes
t5-xxl-lm-adapt,asset-test,3,p2,1,287,random,Yes
t5-xxl-lm-adapt,asset-test,3,p2,1,489,random,Yes
t5-xxl-lm-adapt,asset-test,3,p2,1,723,random,Yes
t5-xxl-lm-adapt,med-easi-test,3,p0,1,287,random,Yes
t5-xxl-lm-adapt,med-easi-test,3,p0,1,489,random,Yes
t5-xxl-lm-adapt,med-easi-test,3,p0,1,723,random,Yes
t5-xxl-lm-adapt,med-easi-test,3,p1,1,287,random,Yes
t5-xxl-lm-adapt,med-easi-test,3,p1,1,489,random,Yes
t5-xxl-lm-adapt,med-easi-test,3,p1,1,723,random,Yes
t5-xxl-lm-adapt,med-easi-test,3,p2,1,287,random,Yes
t5-xxl-lm-adapt,med-easi-test,3,p2,1,489,random,Yes
t5-xxl-lm-adapt,med-easi-test,3,p2,1,723,random,Yes
t5-xxl-lm-adapt,news-manual-all-test,3,p0,1,287,random,Yes
t5-xxl-lm-adapt,news-manual-all-test,3,p0,1,489,random,Yes
t5-xxl-lm-adapt,news-manual-all-test,3,p0,1,723,random,Yes
t5-xxl-lm-adapt,news-manual-all-test,3,p1,1,287,random,Yes
t5-xxl-lm-adapt,news-manual-all-test,3,p1,1,489,random,Yes
t5-xxl-lm-adapt,news-manual-all-test,3,p1,1,723,random,Yes
t5-xxl-lm-adapt,news-manual-all-test,3,p2,1,287,random,Yes
t5-xxl-lm-adapt,news-manual-all-test,3,p2,1,489,random,Yes
t5-xxl-lm-adapt,news-manual-all-test,3,p2,1,723,random,Yes
ul2,asset-test,3,p0,1,287,random,Yes
ul2,asset-test,3,p0,1,489,random,Yes
ul2,asset-test,3,p0,1,723,random,Yes
ul2,asset-test,3,p1,1,287,random,Yes
ul2,asset-test,3,p1,1,489,random,Yes
ul2,asset-test,3,p1,1,723,random,Yes
ul2,asset-test,3,p2,1,287,random,Yes
ul2,asset-test,3,p2,1,489,random,Yes
ul2,asset-test,3,p2,1,723,random,Yes
ul2,med-easi-test,3,p0,1,287,random,Yes
ul2,med-easi-test,3,p0,1,489,random,Yes
ul2,med-easi-test,3,p0,1,723,random,Yes
ul2,med-easi-test,3,p1,1,287,random,Yes
ul2,med-easi-test,3,p1,1,489,random,Yes
ul2,med-easi-test,3,p1,1,723,random,Yes
ul2,med-easi-test,3,p2,1,287,random,Yes
ul2,med-easi-test,3,p2,1,489,random,Yes
ul2,med-easi-test,3,p2,1,723,random,Yes
ul2,news-manual-all-test,3,p0,1,287,random,Yes
ul2,news-manual-all-test,3,p0,1,489,random,Yes
ul2,news-manual-all-test,3,p0,1,723,random,Yes
ul2,news-manual-all-test,3,p1,1,287,random,Yes
ul2,news-manual-all-test,3,p1,1,489,random,Yes
ul2,news-manual-all-test,3,p1,1,723,random,Yes
ul2,news-manual-all-test,3,p2,1,287,random,Yes
ul2,news-manual-all-test,3,p2,1,489,random,Yes
ul2,news-manual-all-test,3,p2,1,723,random,Yes
