bloom,asset-test,asset-valid,3,p0,1,287,random,Yes
bloom,asset-test,asset-valid,3,p0,1,489,random,Yes
bloom,asset-test,asset-valid,3,p0,1,723,random,Yes
bloom,asset-test,asset-valid,3,p1,1,287,random,Yes
bloom,asset-test,asset-valid,3,p1,1,489,random,Yes
bloom,asset-test,asset-valid,3,p1,1,723,random,Yes
bloom,asset-test,asset-valid,3,p2,1,287,random,Yes
bloom,asset-test,asset-valid,3,p2,1,489,random,Yes
bloom,asset-test,asset-valid,3,p2,1,723,random,Yes
bloom-1b1,asset-test,asset-valid,3,p0,1,287,random,Yes
bloom-1b1,asset-test,asset-valid,3,p0,1,489,random,Yes
bloom-1b1,asset-test,asset-valid,3,p0,1,723,random,Yes
bloom-1b1,asset-test,asset-valid,3,p1,1,287,random,Yes
bloom-1b1,asset-test,asset-valid,3,p1,1,489,random,Yes
bloom-1b1,asset-test,asset-valid,3,p1,1,723,random,Yes
bloom-1b1,asset-test,asset-valid,3,p2,1,287,random,Yes
bloom-1b1,asset-test,asset-valid,3,p2,1,489,random,Yes
bloom-1b1,asset-test,asset-valid,3,p2,1,723,random,Yes
bloom-3b,asset-test,asset-valid,3,p0,1,287,random,Yes
bloom-3b,asset-test,asset-valid,3,p0,1,489,random,Yes
bloom-3b,asset-test,asset-valid,3,p0,1,723,random,Yes
bloom-3b,asset-test,asset-valid,3,p1,1,287,random,Yes
bloom-3b,asset-test,asset-valid,3,p1,1,489,random,Yes
bloom-3b,asset-test,asset-valid,3,p1,1,723,random,Yes
bloom-3b,asset-test,asset-valid,3,p2,1,287,random,Yes
bloom-3b,asset-test,asset-valid,3,p2,1,489,random,Yes
bloom-3b,asset-test,asset-valid,3,p2,1,723,random,Yes
bloom-560m,asset-test,asset-valid,3,p0,1,287,random,Yes
bloom-560m,asset-test,asset-valid,3,p0,1,489,random,Yes
bloom-560m,asset-test,asset-valid,3,p0,1,723,random,Yes
bloom-560m,asset-test,asset-valid,3,p1,1,287,random,Yes
bloom-560m,asset-test,asset-valid,3,p1,1,489,random,Yes
bloom-560m,asset-test,asset-valid,3,p1,1,723,random,Yes
bloom-560m,asset-test,asset-valid,3,p2,1,287,random,Yes
bloom-560m,asset-test,asset-valid,3,p2,1,489,random,Yes
bloom-560m,asset-test,asset-valid,3,p2,1,723,random,Yes
bloom-7b1,asset-test,asset-valid,3,p0,1,287,random,Yes
bloom-7b1,asset-test,asset-valid,3,p0,1,489,random,Yes
bloom-7b1,asset-test,asset-valid,3,p0,1,723,random,Yes
bloom-7b1,asset-test,asset-valid,3,p1,1,287,random,Yes
bloom-7b1,asset-test,asset-valid,3,p1,1,489,random,Yes
bloom-7b1,asset-test,asset-valid,3,p1,1,723,random,Yes
bloom-7b1,asset-test,asset-valid,3,p2,1,287,random,Yes
bloom-7b1,asset-test,asset-valid,3,p2,1,489,random,Yes
bloom-7b1,asset-test,asset-valid,3,p2,1,723,random,Yes
bloomz,asset-test,asset-valid,3,p0,1,287,random,Yes
bloomz,asset-test,asset-valid,3,p0,1,489,random,Yes
bloomz,asset-test,asset-valid,3,p0,1,723,random,Yes
bloomz,asset-test,asset-valid,3,p1,1,287,random,Yes
bloomz,asset-test,asset-valid,3,p1,1,489,random,Yes
bloomz,asset-test,asset-valid,3,p1,1,723,random,Yes
bloomz,asset-test,asset-valid,3,p2,1,287,random,Yes
bloomz,asset-test,asset-valid,3,p2,1,489,random,Yes
bloomz,asset-test,asset-valid,3,p2,1,723,random,Yes
bloomz-1b1,asset-test,asset-valid,3,p0,1,287,random,Yes
bloomz-1b1,asset-test,asset-valid,3,p0,1,489,random,Yes
bloomz-1b1,asset-test,asset-valid,3,p0,1,723,random,Yes
bloomz-1b1,asset-test,asset-valid,3,p1,1,287,random,Yes
bloomz-1b1,asset-test,asset-valid,3,p1,1,489,random,Yes
bloomz-1b1,asset-test,asset-valid,3,p1,1,723,random,Yes
bloomz-1b1,asset-test,asset-valid,3,p2,1,287,random,Yes
bloomz-1b1,asset-test,asset-valid,3,p2,1,489,random,Yes
bloomz-1b1,asset-test,asset-valid,3,p2,1,723,random,Yes
bloomz-3b,asset-test,asset-valid,3,p0,1,287,random,Yes
bloomz-3b,asset-test,asset-valid,3,p0,1,489,random,Yes
bloomz-3b,asset-test,asset-valid,3,p0,1,723,random,Yes
bloomz-3b,asset-test,asset-valid,3,p1,1,287,random,Yes
bloomz-3b,asset-test,asset-valid,3,p1,1,489,random,Yes
bloomz-3b,asset-test,asset-valid,3,p1,1,723,random,Yes
bloomz-3b,asset-test,asset-valid,3,p2,1,287,random,Yes
bloomz-3b,asset-test,asset-valid,3,p2,1,489,random,Yes
bloomz-3b,asset-test,asset-valid,3,p2,1,723,random,Yes
bloomz-560m,asset-test,asset-valid,3,p0,1,287,random,Yes
bloomz-560m,asset-test,asset-valid,3,p0,1,489,random,Yes
bloomz-560m,asset-test,asset-valid,3,p0,1,723,random,Yes
bloomz-560m,asset-test,asset-valid,3,p1,1,287,random,Yes
bloomz-560m,asset-test,asset-valid,3,p1,1,489,random,Yes
bloomz-560m,asset-test,asset-valid,3,p1,1,723,random,Yes
bloomz-560m,asset-test,asset-valid,3,p2,1,287,random,Yes
bloomz-560m,asset-test,asset-valid,3,p2,1,489,random,Yes
bloomz-560m,asset-test,asset-valid,3,p2,1,723,random,Yes
bloomz-7b1,asset-test,asset-valid,3,p0,1,287,random,Yes
bloomz-7b1,asset-test,asset-valid,3,p0,1,489,random,Yes
bloomz-7b1,asset-test,asset-valid,3,p0,1,723,random,Yes
bloomz-7b1,asset-test,asset-valid,3,p1,1,287,random,Yes
bloomz-7b1,asset-test,asset-valid,3,p1,1,489,random,Yes
bloomz-7b1,asset-test,asset-valid,3,p1,1,723,random,Yes
bloomz-7b1,asset-test,asset-valid,3,p2,1,287,random,Yes
bloomz-7b1,asset-test,asset-valid,3,p2,1,489,random,Yes
bloomz-7b1,asset-test,asset-valid,3,p2,1,723,random,Yes
flan-t5-base,asset-test,asset-valid,3,p0,1,287,random,Yes
flan-t5-base,asset-test,asset-valid,3,p0,1,489,random,Yes
flan-t5-base,asset-test,asset-valid,3,p0,1,723,random,Yes
flan-t5-base,asset-test,asset-valid,3,p1,1,287,random,Yes
flan-t5-base,asset-test,asset-valid,3,p1,1,489,random,Yes
flan-t5-base,asset-test,asset-valid,3,p1,1,723,random,Yes
flan-t5-base,asset-test,asset-valid,3,p2,1,287,random,Yes
flan-t5-base,asset-test,asset-valid,3,p2,1,489,random,Yes
flan-t5-base,asset-test,asset-valid,3,p2,1,723,random,Yes
flan-t5-large,asset-test,asset-valid,3,p0,1,287,random,Yes
flan-t5-large,asset-test,asset-valid,3,p0,1,489,random,Yes
flan-t5-large,asset-test,asset-valid,3,p0,1,723,random,Yes
flan-t5-large,asset-test,asset-valid,3,p1,1,287,random,Yes
flan-t5-large,asset-test,asset-valid,3,p1,1,489,random,Yes
flan-t5-large,asset-test,asset-valid,3,p1,1,723,random,Yes
flan-t5-large,asset-test,asset-valid,3,p2,1,287,random,Yes
flan-t5-large,asset-test,asset-valid,3,p2,1,489,random,Yes
flan-t5-large,asset-test,asset-valid,3,p2,1,723,random,Yes
flan-t5-small,asset-test,asset-valid,3,p0,1,287,random,Yes
flan-t5-small,asset-test,asset-valid,3,p0,1,489,random,Yes
flan-t5-small,asset-test,asset-valid,3,p0,1,723,random,Yes
flan-t5-small,asset-test,asset-valid,3,p1,1,287,random,Yes
flan-t5-small,asset-test,asset-valid,3,p1,1,489,random,Yes
flan-t5-small,asset-test,asset-valid,3,p1,1,723,random,Yes
flan-t5-small,asset-test,asset-valid,3,p2,1,287,random,Yes
flan-t5-small,asset-test,asset-valid,3,p2,1,489,random,Yes
flan-t5-small,asset-test,asset-valid,3,p2,1,723,random,Yes
flan-t5-xl,asset-test,asset-valid,3,p0,1,287,random,Yes
flan-t5-xl,asset-test,asset-valid,3,p0,1,489,random,Yes
flan-t5-xl,asset-test,asset-valid,3,p0,1,723,random,Yes
flan-t5-xl,asset-test,asset-valid,3,p1,1,287,random,Yes
flan-t5-xl,asset-test,asset-valid,3,p1,1,489,random,Yes
flan-t5-xl,asset-test,asset-valid,3,p1,1,723,random,Yes
flan-t5-xl,asset-test,asset-valid,3,p2,1,287,random,Yes
flan-t5-xl,asset-test,asset-valid,3,p2,1,489,random,Yes
flan-t5-xl,asset-test,asset-valid,3,p2,1,723,random,Yes
flan-t5-xxl,asset-test,asset-valid,3,p0,1,287,random,Yes
flan-t5-xxl,asset-test,asset-valid,3,p0,1,489,random,Yes
flan-t5-xxl,asset-test,asset-valid,3,p0,1,723,random,Yes
flan-t5-xxl,asset-test,asset-valid,3,p1,1,287,random,Yes
flan-t5-xxl,asset-test,asset-valid,3,p1,1,489,random,Yes
flan-t5-xxl,asset-test,asset-valid,3,p1,1,723,random,Yes
flan-t5-xxl,asset-test,asset-valid,3,p2,1,287,random,Yes
flan-t5-xxl,asset-test,asset-valid,3,p2,1,489,random,Yes
flan-t5-xxl,asset-test,asset-valid,3,p2,1,723,random,Yes
flan-ul2,asset-test,asset-valid,3,p0,1,287,random,Yes
flan-ul2,asset-test,asset-valid,3,p0,1,489,random,Yes
flan-ul2,asset-test,asset-valid,3,p0,1,723,random,Yes
flan-ul2,asset-test,asset-valid,3,p1,1,287,random,Yes
flan-ul2,asset-test,asset-valid,3,p1,1,489,random,Yes
flan-ul2,asset-test,asset-valid,3,p1,1,723,random,Yes
flan-ul2,asset-test,asset-valid,3,p2,1,287,random,Yes
flan-ul2,asset-test,asset-valid,3,p2,1,489,random,Yes
flan-ul2,asset-test,asset-valid,3,p2,1,723,random,Yes
gpt-j-6b,asset-test,asset-valid,3,p0,1,287,random,Yes
gpt-j-6b,asset-test,asset-valid,3,p0,1,489,random,Yes
gpt-j-6b,asset-test,asset-valid,3,p0,1,723,random,Yes
gpt-j-6b,asset-test,asset-valid,3,p1,1,287,random,Yes
gpt-j-6b,asset-test,asset-valid,3,p1,1,489,random,Yes
gpt-j-6b,asset-test,asset-valid,3,p1,1,723,random,Yes
gpt-j-6b,asset-test,asset-valid,3,p2,1,287,random,Yes
gpt-j-6b,asset-test,asset-valid,3,p2,1,489,random,Yes
gpt-j-6b,asset-test,asset-valid,3,p2,1,723,random,Yes
gpt-neox-20b,asset-test,asset-valid,3,p0,1,287,random,Yes
gpt-neox-20b,asset-test,asset-valid,3,p0,1,489,random,Yes
gpt-neox-20b,asset-test,asset-valid,3,p0,1,723,random,Yes
gpt-neox-20b,asset-test,asset-valid,3,p1,1,287,random,Yes
gpt-neox-20b,asset-test,asset-valid,3,p1,1,489,random,Yes
gpt-neox-20b,asset-test,asset-valid,3,p1,1,723,random,Yes
gpt-neox-20b,asset-test,asset-valid,3,p2,1,287,random,Yes
gpt-neox-20b,asset-test,asset-valid,3,p2,1,489,random,Yes
gpt-neox-20b,asset-test,asset-valid,3,p2,1,723,random,Yes
llama-13b,asset-test,asset-valid,3,p0,1,287,random,Yes
llama-13b,asset-test,asset-valid,3,p0,1,489,random,Yes
llama-13b,asset-test,asset-valid,3,p0,1,723,random,Yes
llama-13b,asset-test,asset-valid,3,p1,1,287,random,Yes
llama-13b,asset-test,asset-valid,3,p1,1,489,random,Yes
llama-13b,asset-test,asset-valid,3,p1,1,723,random,Yes
llama-13b,asset-test,asset-valid,3,p2,1,287,random,Yes
llama-13b,asset-test,asset-valid,3,p2,1,489,random,Yes
llama-13b,asset-test,asset-valid,3,p2,1,723,random,Yes
llama-30b,asset-test,asset-valid,3,p0,1,287,random,Yes
llama-30b,asset-test,asset-valid,3,p0,1,489,random,Yes
llama-30b,asset-test,asset-valid,3,p0,1,723,random,Yes
llama-30b,asset-test,asset-valid,3,p1,1,287,random,Yes
llama-30b,asset-test,asset-valid,3,p1,1,489,random,Yes
llama-30b,asset-test,asset-valid,3,p1,1,723,random,Yes
llama-30b,asset-test,asset-valid,3,p2,1,287,random,Yes
llama-30b,asset-test,asset-valid,3,p2,1,489,random,Yes
llama-30b,asset-test,asset-valid,3,p2,1,723,random,Yes
llama-65b,asset-test,asset-valid,3,p0,1,287,random,Yes
llama-65b,asset-test,asset-valid,3,p0,1,489,random,Yes
llama-65b,asset-test,asset-valid,3,p0,1,723,random,Yes
llama-65b,asset-test,asset-valid,3,p1,1,287,random,Yes
llama-65b,asset-test,asset-valid,3,p1,1,489,random,Yes
llama-65b,asset-test,asset-valid,3,p1,1,723,random,Yes
llama-65b,asset-test,asset-valid,3,p2,1,287,random,Yes
llama-65b,asset-test,asset-valid,3,p2,1,489,random,Yes
llama-65b,asset-test,asset-valid,3,p2,1,723,random,Yes
llama-7b,asset-test,asset-valid,3,p0,1,287,random,Yes
llama-7b,asset-test,asset-valid,3,p0,1,489,random,Yes
llama-7b,asset-test,asset-valid,3,p0,1,723,random,Yes
llama-7b,asset-test,asset-valid,3,p1,1,287,random,Yes
llama-7b,asset-test,asset-valid,3,p1,1,489,random,Yes
llama-7b,asset-test,asset-valid,3,p1,1,723,random,Yes
llama-7b,asset-test,asset-valid,3,p2,1,287,random,Yes
llama-7b,asset-test,asset-valid,3,p2,1,489,random,Yes
llama-7b,asset-test,asset-valid,3,p2,1,723,random,Yes
opt-1.3b,asset-test,asset-valid,3,p0,1,287,random,Yes
opt-1.3b,asset-test,asset-valid,3,p0,1,489,random,Yes
opt-1.3b,asset-test,asset-valid,3,p0,1,723,random,Yes
opt-1.3b,asset-test,asset-valid,3,p1,1,287,random,Yes
opt-1.3b,asset-test,asset-valid,3,p1,1,489,random,Yes
opt-1.3b,asset-test,asset-valid,3,p1,1,723,random,Yes
opt-1.3b,asset-test,asset-valid,3,p2,1,287,random,Yes
opt-1.3b,asset-test,asset-valid,3,p2,1,489,random,Yes
opt-1.3b,asset-test,asset-valid,3,p2,1,723,random,Yes
opt-13b,asset-test,asset-valid,3,p0,1,287,random,Yes
opt-13b,asset-test,asset-valid,3,p0,1,489,random,Yes
opt-13b,asset-test,asset-valid,3,p0,1,723,random,Yes
opt-13b,asset-test,asset-valid,3,p1,1,287,random,Yes
opt-13b,asset-test,asset-valid,3,p1,1,489,random,Yes
opt-13b,asset-test,asset-valid,3,p1,1,723,random,Yes
opt-13b,asset-test,asset-valid,3,p2,1,287,random,Yes
opt-13b,asset-test,asset-valid,3,p2,1,489,random,Yes
opt-13b,asset-test,asset-valid,3,p2,1,723,random,Yes
opt-30b,asset-test,asset-valid,3,p0,1,287,random,Yes
opt-30b,asset-test,asset-valid,3,p0,1,489,random,Yes
opt-30b,asset-test,asset-valid,3,p0,1,723,random,Yes
opt-30b,asset-test,asset-valid,3,p1,1,287,random,Yes
opt-30b,asset-test,asset-valid,3,p1,1,489,random,Yes
opt-30b,asset-test,asset-valid,3,p1,1,723,random,Yes
opt-30b,asset-test,asset-valid,3,p2,1,287,random,Yes
opt-30b,asset-test,asset-valid,3,p2,1,489,random,Yes
opt-30b,asset-test,asset-valid,3,p2,1,723,random,Yes
opt-6.7b,asset-test,asset-valid,3,p0,1,287,random,Yes
opt-6.7b,asset-test,asset-valid,3,p0,1,489,random,Yes
opt-6.7b,asset-test,asset-valid,3,p0,1,723,random,Yes
opt-6.7b,asset-test,asset-valid,3,p1,1,287,random,Yes
opt-6.7b,asset-test,asset-valid,3,p1,1,489,random,Yes
opt-6.7b,asset-test,asset-valid,3,p1,1,723,random,Yes
opt-6.7b,asset-test,asset-valid,3,p2,1,287,random,Yes
opt-6.7b,asset-test,asset-valid,3,p2,1,489,random,Yes
opt-6.7b,asset-test,asset-valid,3,p2,1,723,random,Yes
opt-66b,asset-test,asset-valid,3,p0,1,287,random,Yes
opt-66b,asset-test,asset-valid,3,p0,1,489,random,Yes
opt-66b,asset-test,asset-valid,3,p0,1,723,random,Yes
opt-66b,asset-test,asset-valid,3,p1,1,287,random,Yes
opt-66b,asset-test,asset-valid,3,p1,1,489,random,Yes
opt-66b,asset-test,asset-valid,3,p1,1,723,random,Yes
opt-66b,asset-test,asset-valid,3,p2,1,287,random,Yes
opt-66b,asset-test,asset-valid,3,p2,1,489,random,Yes
opt-66b,asset-test,asset-valid,3,p2,1,723,random,Yes
opt-iml-max-1.3b,asset-test,asset-valid,3,p0,1,287,random,Yes
opt-iml-max-1.3b,asset-test,asset-valid,3,p0,1,489,random,Yes
opt-iml-max-1.3b,asset-test,asset-valid,3,p0,1,723,random,Yes
opt-iml-max-1.3b,asset-test,asset-valid,3,p1,1,287,random,Yes
opt-iml-max-1.3b,asset-test,asset-valid,3,p1,1,489,random,Yes
opt-iml-max-1.3b,asset-test,asset-valid,3,p1,1,723,random,Yes
opt-iml-max-1.3b,asset-test,asset-valid,3,p2,1,287,random,Yes
opt-iml-max-1.3b,asset-test,asset-valid,3,p2,1,489,random,Yes
opt-iml-max-1.3b,asset-test,asset-valid,3,p2,1,723,random,Yes
opt-iml-max-30b,asset-test,asset-valid,3,p0,1,287,random,Yes
opt-iml-max-30b,asset-test,asset-valid,3,p0,1,489,random,Yes
opt-iml-max-30b,asset-test,asset-valid,3,p0,1,723,random,Yes
opt-iml-max-30b,asset-test,asset-valid,3,p1,1,287,random,Yes
opt-iml-max-30b,asset-test,asset-valid,3,p1,1,489,random,Yes
opt-iml-max-30b,asset-test,asset-valid,3,p1,1,723,random,Yes
opt-iml-max-30b,asset-test,asset-valid,3,p2,1,287,random,Yes
opt-iml-max-30b,asset-test,asset-valid,3,p2,1,489,random,Yes
opt-iml-max-30b,asset-test,asset-valid,3,p2,1,723,random,Yes
t0,asset-test,asset-valid,3,p0,1,287,random,Yes
t0,asset-test,asset-valid,3,p0,1,489,random,Yes
t0,asset-test,asset-valid,3,p0,1,723,random,Yes
t0,asset-test,asset-valid,3,p1,1,287,random,Yes
t0,asset-test,asset-valid,3,p1,1,489,random,Yes
t0,asset-test,asset-valid,3,p1,1,723,random,Yes
t0,asset-test,asset-valid,3,p2,1,287,random,Yes
t0,asset-test,asset-valid,3,p2,1,489,random,Yes
t0,asset-test,asset-valid,3,p2,1,723,random,Yes
t0-3b,asset-test,asset-valid,3,p0,1,287,random,Yes
t0-3b,asset-test,asset-valid,3,p0,1,489,random,Yes
t0-3b,asset-test,asset-valid,3,p0,1,723,random,Yes
t0-3b,asset-test,asset-valid,3,p1,1,287,random,Yes
t0-3b,asset-test,asset-valid,3,p1,1,489,random,Yes
t0-3b,asset-test,asset-valid,3,p1,1,723,random,Yes
t0-3b,asset-test,asset-valid,3,p2,1,287,random,Yes
t0-3b,asset-test,asset-valid,3,p2,1,489,random,Yes
t0-3b,asset-test,asset-valid,3,p2,1,723,random,Yes
t0pp,asset-test,asset-valid,3,p0,1,287,random,Yes
t0pp,asset-test,asset-valid,3,p0,1,489,random,Yes
t0pp,asset-test,asset-valid,3,p0,1,723,random,Yes
t0pp,asset-test,asset-valid,3,p1,1,287,random,Yes
t0pp,asset-test,asset-valid,3,p1,1,489,random,Yes
t0pp,asset-test,asset-valid,3,p1,1,723,random,Yes
t0pp,asset-test,asset-valid,3,p2,1,287,random,Yes
t0pp,asset-test,asset-valid,3,p2,1,489,random,Yes
t0pp,asset-test,asset-valid,3,p2,1,723,random,Yes
t5-base-lm-adapt,asset-test,asset-valid,3,p0,1,287,random,Yes
t5-base-lm-adapt,asset-test,asset-valid,3,p0,1,489,random,Yes
t5-base-lm-adapt,asset-test,asset-valid,3,p0,1,723,random,Yes
t5-base-lm-adapt,asset-test,asset-valid,3,p1,1,287,random,Yes
t5-base-lm-adapt,asset-test,asset-valid,3,p1,1,489,random,Yes
t5-base-lm-adapt,asset-test,asset-valid,3,p1,1,723,random,Yes
t5-base-lm-adapt,asset-test,asset-valid,3,p2,1,287,random,Yes
t5-base-lm-adapt,asset-test,asset-valid,3,p2,1,489,random,Yes
t5-base-lm-adapt,asset-test,asset-valid,3,p2,1,723,random,Yes
t5-large-lm-adapt,asset-test,asset-valid,3,p0,1,287,random,Yes
t5-large-lm-adapt,asset-test,asset-valid,3,p0,1,489,random,Yes
t5-large-lm-adapt,asset-test,asset-valid,3,p0,1,723,random,Yes
t5-large-lm-adapt,asset-test,asset-valid,3,p1,1,287,random,Yes
t5-large-lm-adapt,asset-test,asset-valid,3,p1,1,489,random,Yes
t5-large-lm-adapt,asset-test,asset-valid,3,p1,1,723,random,Yes
t5-large-lm-adapt,asset-test,asset-valid,3,p2,1,287,random,Yes
t5-large-lm-adapt,asset-test,asset-valid,3,p2,1,489,random,Yes
t5-large-lm-adapt,asset-test,asset-valid,3,p2,1,723,random,Yes
t5-small-lm-adapt,asset-test,asset-valid,3,p0,1,287,random,Yes
t5-small-lm-adapt,asset-test,asset-valid,3,p0,1,489,random,Yes
t5-small-lm-adapt,asset-test,asset-valid,3,p0,1,723,random,Yes
t5-small-lm-adapt,asset-test,asset-valid,3,p1,1,287,random,Yes
t5-small-lm-adapt,asset-test,asset-valid,3,p1,1,489,random,Yes
t5-small-lm-adapt,asset-test,asset-valid,3,p1,1,723,random,Yes
t5-small-lm-adapt,asset-test,asset-valid,3,p2,1,287,random,Yes
t5-small-lm-adapt,asset-test,asset-valid,3,p2,1,489,random,Yes
t5-small-lm-adapt,asset-test,asset-valid,3,p2,1,723,random,Yes
t5-xl-lm-adapt,asset-test,asset-valid,3,p0,1,287,random,Yes
t5-xl-lm-adapt,asset-test,asset-valid,3,p0,1,489,random,Yes
t5-xl-lm-adapt,asset-test,asset-valid,3,p0,1,723,random,Yes
t5-xl-lm-adapt,asset-test,asset-valid,3,p1,1,287,random,Yes
t5-xl-lm-adapt,asset-test,asset-valid,3,p1,1,489,random,Yes
t5-xl-lm-adapt,asset-test,asset-valid,3,p1,1,723,random,Yes
t5-xl-lm-adapt,asset-test,asset-valid,3,p2,1,287,random,Yes
t5-xl-lm-adapt,asset-test,asset-valid,3,p2,1,489,random,Yes
t5-xl-lm-adapt,asset-test,asset-valid,3,p2,1,723,random,Yes
t5-xxl-lm-adapt,asset-test,asset-valid,3,p0,1,287,random,Yes
t5-xxl-lm-adapt,asset-test,asset-valid,3,p0,1,489,random,Yes
t5-xxl-lm-adapt,asset-test,asset-valid,3,p0,1,723,random,Yes
t5-xxl-lm-adapt,asset-test,asset-valid,3,p1,1,287,random,Yes
t5-xxl-lm-adapt,asset-test,asset-valid,3,p1,1,489,random,Yes
t5-xxl-lm-adapt,asset-test,asset-valid,3,p1,1,723,random,Yes
t5-xxl-lm-adapt,asset-test,asset-valid,3,p2,1,287,random,Yes
t5-xxl-lm-adapt,asset-test,asset-valid,3,p2,1,489,random,Yes
t5-xxl-lm-adapt,asset-test,asset-valid,3,p2,1,723,random,Yes
ul2,asset-test,asset-valid,3,p0,1,287,random,Yes
ul2,asset-test,asset-valid,3,p0,1,489,random,Yes
ul2,asset-test,asset-valid,3,p0,1,723,random,Yes
ul2,asset-test,asset-valid,3,p1,1,287,random,Yes
ul2,asset-test,asset-valid,3,p1,1,489,random,Yes
ul2,asset-test,asset-valid,3,p1,1,723,random,Yes
ul2,asset-test,asset-valid,3,p2,1,287,random,Yes
ul2,asset-test,asset-valid,3,p2,1,489,random,Yes
ul2,asset-test,asset-valid,3,p2,1,723,random,Yes
